"key_ID","year","from_node","to_node","edge_weight"
1,1988,"Commission","Ireland",1
2,1988,"Commission","Spain",1
3,1989,"Belgium","Germany",3
4,1989,"Belgium","Netherlands",1
5,1989,"Belgium","United Kingdom",1
6,1989,"Commission","Belgium",9
7,1989,"Commission","Denmark",3
8,1989,"Commission","France",2
9,1989,"Commission","Germany",42
10,1989,"Commission","Greece",4
11,1989,"Commission","Italy",7
12,1989,"Commission","Luxembourg",2
13,1989,"Commission","Netherlands",4
14,1989,"Commission","Spain",8
15,1989,"Commission","United Kingdom",6
16,1989,"Denmark","Spain",1
17,1989,"Denmark","United Kingdom",1
18,1989,"France","Belgium",6
19,1989,"France","Denmark",2
20,1989,"France","Germany",17
21,1989,"France","Italy",1
22,1989,"France","Netherlands",5
23,1989,"France","Spain",4
24,1989,"France","United Kingdom",8
25,1989,"Germany","Belgium",1
26,1989,"Germany","France",5
27,1989,"Germany","Italy",1
28,1989,"Germany","Netherlands",2
29,1989,"Germany","United Kingdom",6
30,1989,"Greece","Denmark",1
31,1989,"Greece","France",1
32,1989,"Greece","Germany",1
33,1989,"Greece","Italy",1
34,1989,"Ireland","France",1
35,1989,"Ireland","Germany",1
36,1989,"Ireland","Greece",1
37,1989,"Italy","Belgium",1
38,1989,"Italy","France",1
39,1989,"Italy","Germany",5
40,1989,"Italy","Greece",1
41,1989,"Italy","Netherlands",1
42,1989,"Netherlands","Belgium",1
43,1989,"Netherlands","Germany",4
44,1989,"Spain","Belgium",1
45,1989,"Spain","Denmark",1
46,1989,"Spain","France",1
47,1989,"Spain","Germany",1
48,1989,"Spain","Luxembourg",1
49,1989,"Spain","Netherlands",1
50,1989,"Spain","United Kingdom",3
51,1989,"United Kingdom","Belgium",3
52,1989,"United Kingdom","France",4
53,1989,"United Kingdom","Germany",4
54,1989,"United Kingdom","Greece",1
55,1989,"United Kingdom","Netherlands",5
56,1989,"United Kingdom","Spain",2
57,1990,"Belgium","France",3
58,1990,"Belgium","Germany",3
59,1990,"Commission","Belgium",8
60,1990,"Commission","Denmark",11
61,1990,"Commission","France",41
62,1990,"Commission","Germany",33
63,1990,"Commission","Greece",5
64,1990,"Commission","Ireland",2
65,1990,"Commission","Italy",16
66,1990,"Commission","Netherlands",7
67,1990,"Commission","Portugal",1
68,1990,"Commission","Spain",6
69,1990,"Commission","United Kingdom",30
70,1990,"Denmark","France",1
71,1990,"France","Belgium",3
72,1990,"France","Denmark",5
73,1990,"France","Germany",20
74,1990,"France","Greece",1
75,1990,"France","Ireland",1
76,1990,"France","Italy",2
77,1990,"France","Netherlands",2
78,1990,"France","Portugal",1
79,1990,"France","Spain",10
80,1990,"France","United Kingdom",4
81,1990,"Germany","Denmark",2
82,1990,"Germany","France",8
83,1990,"Germany","Netherlands",1
84,1990,"Germany","United Kingdom",1
85,1990,"Italy","Denmark",1
86,1990,"Italy","France",2
87,1990,"Italy","Germany",3
88,1990,"Netherlands","Germany",2
89,1990,"Netherlands","Spain",1
90,1990,"Spain","Belgium",2
91,1990,"Spain","France",5
92,1990,"Spain","Germany",1
93,1990,"Spain","Italy",2
94,1990,"Spain","Luxembourg",1
95,1990,"Spain","Netherlands",3
96,1990,"Spain","Portugal",1
97,1990,"United Kingdom","Denmark",1
98,1990,"United Kingdom","France",1
99,1990,"United Kingdom","Germany",4
100,1990,"United Kingdom","Italy",1
101,1990,"United Kingdom","Netherlands",2
102,1990,"United Kingdom","Spain",2
103,1991,"Belgium","Germany",2
104,1991,"Commission","Belgium",3
105,1991,"Commission","Denmark",8
106,1991,"Commission","France",10
107,1991,"Commission","Germany",19
108,1991,"Commission","Greece",8
109,1991,"Commission","Italy",10
110,1991,"Commission","Netherlands",5
111,1991,"Commission","Portugal",20
112,1991,"Commission","Spain",5
113,1991,"Commission","United Kingdom",12
114,1991,"Denmark","Germany",2
115,1991,"France","Belgium",1
116,1991,"France","Denmark",1
117,1991,"France","Germany",42
118,1991,"France","Greece",3
119,1991,"France","Italy",2
120,1991,"France","Netherlands",1
121,1991,"France","Portugal",2
122,1991,"France","Spain",1
123,1991,"France","United Kingdom",2
124,1991,"Germany","Belgium",1
125,1991,"Germany","Denmark",2
126,1991,"Germany","France",3
127,1991,"Germany","Netherlands",1
128,1991,"Germany","Portugal",1
129,1991,"Germany","United Kingdom",3
130,1991,"Greece","Germany",1
131,1991,"Greece","United Kingdom",1
132,1991,"Ireland","Belgium",1
133,1991,"Ireland","Germany",1
134,1991,"Italy","France",1
135,1991,"Italy","Germany",2
136,1991,"Italy","Greece",1
137,1991,"Portugal","Germany",2
138,1991,"Spain","France",4
139,1991,"Spain","Germany",2
140,1991,"Spain","Greece",2
141,1991,"Spain","Italy",1
142,1991,"Spain","Netherlands",4
143,1991,"Spain","Portugal",4
144,1991,"Spain","United Kingdom",3
145,1991,"United Kingdom","Belgium",1
146,1991,"United Kingdom","Denmark",2
147,1991,"United Kingdom","France",3
148,1991,"United Kingdom","Germany",4
149,1991,"United Kingdom","Greece",2
150,1991,"United Kingdom","Luxembourg",1
151,1992,"Belgium","United Kingdom",1
152,1992,"Commission","Denmark",3
153,1992,"Commission","France",10
154,1992,"Commission","Germany",16
155,1992,"Commission","Greece",5
156,1992,"Commission","Ireland",1
157,1992,"Commission","Italy",15
158,1992,"Commission","Netherlands",10
159,1992,"Commission","Portugal",5
160,1992,"Commission","Spain",2
161,1992,"Commission","United Kingdom",26
162,1992,"Denmark","Italy",6
163,1992,"Denmark","Netherlands",1
164,1992,"France","Denmark",2
165,1992,"France","Greece",3
166,1992,"France","Netherlands",6
167,1992,"France","Spain",1
168,1992,"France","United Kingdom",4
169,1992,"Germany","Italy",3
170,1992,"Germany","Netherlands",3
171,1992,"Germany","United Kingdom",2
172,1992,"Netherlands","France",1
173,1992,"Netherlands","Italy",1
174,1992,"Netherlands","United Kingdom",2
175,1992,"Spain","Denmark",1
176,1992,"Spain","France",4
177,1992,"Spain","Germany",1
178,1992,"Spain","Netherlands",1
179,1992,"Spain","United Kingdom",3
180,1992,"United Kingdom","Belgium",1
181,1992,"United Kingdom","Denmark",1
182,1992,"United Kingdom","France",3
183,1992,"United Kingdom","Germany",3
184,1992,"United Kingdom","Greece",3
185,1992,"United Kingdom","Italy",5
186,1992,"United Kingdom","Netherlands",2
187,1993,"Commission","Belgium",7
188,1993,"Commission","Denmark",5
189,1993,"Commission","France",15
190,1993,"Commission","Germany",24
191,1993,"Commission","Greece",5
192,1993,"Commission","Italy",15
193,1993,"Commission","Luxembourg",1
194,1993,"Commission","Netherlands",10
195,1993,"Commission","Portugal",3
196,1993,"Commission","Spain",9
197,1993,"Commission","United Kingdom",43
198,1993,"Denmark","Italy",2
199,1993,"France","Belgium",1
200,1993,"France","Germany",10
201,1993,"France","Italy",6
202,1993,"France","Netherlands",3
203,1993,"France","Portugal",1
204,1993,"France","Spain",1
205,1993,"France","United Kingdom",3
206,1993,"Germany","Denmark",1
207,1993,"Germany","France",2
208,1993,"Germany","Italy",4
209,1993,"Germany","Spain",1
210,1993,"Germany","United Kingdom",5
211,1993,"Greece","Belgium",1
212,1993,"Greece","Luxembourg",1
213,1993,"Greece","Netherlands",2
214,1993,"Ireland","Belgium",1
215,1993,"Ireland","Germany",1
216,1993,"Ireland","Italy",1
217,1993,"Netherlands","Denmark",1
218,1993,"Netherlands","France",1
219,1993,"Netherlands","Germany",8
220,1993,"Netherlands","Italy",5
221,1993,"Netherlands","United Kingdom",1
222,1993,"Spain","Germany",2
223,1993,"Spain","Ireland",2
224,1993,"Spain","Netherlands",1
225,1993,"United Kingdom","Belgium",1
226,1993,"United Kingdom","France",2
227,1993,"United Kingdom","Germany",7
228,1993,"United Kingdom","Italy",1
229,1993,"United Kingdom","Netherlands",1
230,1993,"United Kingdom","Spain",1
231,1994,"Belgium","Denmark",1
232,1994,"Belgium","France",1
233,1994,"Belgium","Netherlands",1
234,1994,"Commission","Austria",1
235,1994,"Commission","Belgium",7
236,1994,"Commission","Denmark",10
237,1994,"Commission","France",16
238,1994,"Commission","Germany",17
239,1994,"Commission","Greece",4
240,1994,"Commission","Italy",19
241,1994,"Commission","Netherlands",12
242,1994,"Commission","Spain",3
243,1994,"Commission","Sweden",14
244,1994,"Commission","United Kingdom",5
245,1994,"Denmark","France",1
246,1994,"Denmark","Germany",1
247,1994,"France","Denmark",3
248,1994,"France","Germany",15
249,1994,"France","Greece",1
250,1994,"France","Italy",1
251,1994,"France","Netherlands",7
252,1994,"France","Spain",2
253,1994,"France","Sweden",1
254,1994,"Germany","Denmark",3
255,1994,"Germany","France",6
256,1994,"Germany","Italy",1
257,1994,"Germany","Netherlands",6
258,1994,"Germany","Portugal",2
259,1994,"Germany","Spain",4
260,1994,"Greece","Netherlands",1
261,1994,"Italy","France",1
262,1994,"Netherlands","Germany",3
263,1994,"Netherlands","Italy",1
264,1994,"Netherlands","United Kingdom",1
265,1994,"Spain","Denmark",4
266,1994,"Spain","Italy",1
267,1994,"Spain","Netherlands",1
268,1994,"United Kingdom","Denmark",2
269,1994,"United Kingdom","France",2
270,1994,"United Kingdom","Germany",7
271,1994,"United Kingdom","Greece",1
272,1994,"United Kingdom","Italy",1
273,1994,"United Kingdom","Netherlands",1
274,1994,"United Kingdom","Spain",2
275,1995,"Austria","Germany",1
276,1995,"Austria","Italy",3
277,1995,"Austria","Netherlands",2
278,1995,"Belgium","Italy",1
279,1995,"Belgium","Sweden",1
280,1995,"Commission","Austria",5
281,1995,"Commission","Belgium",3
282,1995,"Commission","Denmark",9
283,1995,"Commission","Finland",3
284,1995,"Commission","France",11
285,1995,"Commission","Germany",9
286,1995,"Commission","Greece",3
287,1995,"Commission","Italy",13
288,1995,"Commission","Luxembourg",1
289,1995,"Commission","Netherlands",7
290,1995,"Commission","Spain",2
291,1995,"Commission","Sweden",2
292,1995,"Commission","United Kingdom",4
293,1995,"Denmark","Italy",1
294,1995,"Finland","Netherlands",1
295,1995,"France","Austria",3
296,1995,"France","Denmark",3
297,1995,"France","Germany",2
298,1995,"France","Greece",1
299,1995,"France","Italy",2
300,1995,"France","Luxembourg",1
301,1995,"France","Netherlands",1
302,1995,"France","Sweden",3
303,1995,"France","United Kingdom",3
304,1995,"Germany","Austria",1
305,1995,"Germany","Denmark",2
306,1995,"Germany","France",2
307,1995,"Germany","Greece",2
308,1995,"Germany","Italy",5
309,1995,"Germany","Netherlands",4
310,1995,"Germany","Spain",1
311,1995,"Germany","Sweden",1
312,1995,"Germany","United Kingdom",2
313,1995,"Greece","United Kingdom",1
314,1995,"Italy","France",1
315,1995,"Italy","Luxembourg",1
316,1995,"Italy","Sweden",1
317,1995,"Italy","United Kingdom",1
318,1995,"Netherlands","Austria",2
319,1995,"Netherlands","France",1
320,1995,"Netherlands","Germany",2
321,1995,"Netherlands","Greece",1
322,1995,"Netherlands","Sweden",1
323,1995,"Spain","Austria",1
324,1995,"Spain","Greece",1
325,1995,"Spain","Netherlands",1
326,1995,"Spain","Sweden",1
327,1995,"Sweden","Netherlands",1
328,1995,"United Kingdom","Austria",1
329,1995,"United Kingdom","France",3
330,1995,"United Kingdom","Germany",3
331,1995,"United Kingdom","Italy",1
332,1995,"United Kingdom","Luxembourg",1
333,1995,"United Kingdom","Netherlands",2
334,1995,"United Kingdom","Spain",1
335,1995,"United Kingdom","Sweden",2
336,1996,"Austria","France",2
337,1996,"Austria","Germany",5
338,1996,"Austria","Italy",2
339,1996,"Belgium","Denmark",2
340,1996,"Belgium","France",2
341,1996,"Belgium","Spain",1
342,1996,"Belgium","Sweden",1
343,1996,"Belgium","United Kingdom",1
344,1996,"Commission","Austria",12
345,1996,"Commission","Belgium",2
346,1996,"Commission","Denmark",10
347,1996,"Commission","Finland",9
348,1996,"Commission","France",4
349,1996,"Commission","Germany",7
350,1996,"Commission","Greece",2
351,1996,"Commission","Ireland",1
352,1996,"Commission","Italy",9
353,1996,"Commission","Netherlands",10
354,1996,"Commission","Portugal",12
355,1996,"Commission","Spain",6
356,1996,"Commission","Sweden",13
357,1996,"Commission","United Kingdom",8
358,1996,"Denmark","France",1
359,1996,"Finland","Belgium",1
360,1996,"Finland","Germany",1
361,1996,"Finland","Portugal",1
362,1996,"Finland","Sweden",1
363,1996,"France","Austria",5
364,1996,"France","Belgium",2
365,1996,"France","Denmark",5
366,1996,"France","Germany",5
367,1996,"France","Italy",2
368,1996,"France","Netherlands",5
369,1996,"France","Portugal",2
370,1996,"France","Spain",1
371,1996,"France","Sweden",2
372,1996,"France","United Kingdom",1
373,1996,"Germany","Austria",7
374,1996,"Germany","Belgium",2
375,1996,"Germany","Denmark",1
376,1996,"Germany","Finland",3
377,1996,"Germany","France",1
378,1996,"Germany","Greece",2
379,1996,"Germany","Italy",2
380,1996,"Germany","Netherlands",4
381,1996,"Germany","Spain",4
382,1996,"Germany","Sweden",3
383,1996,"Germany","United Kingdom",2
384,1996,"Ireland","France",1
385,1996,"Italy","Austria",2
386,1996,"Italy","Belgium",1
387,1996,"Italy","Denmark",1
388,1996,"Italy","Finland",3
389,1996,"Italy","Germany",2
390,1996,"Italy","Greece",1
391,1996,"Italy","Ireland",1
392,1996,"Italy","Netherlands",1
393,1996,"Italy","Portugal",2
394,1996,"Italy","Sweden",4
395,1996,"Netherlands","Austria",2
396,1996,"Netherlands","Belgium",1
397,1996,"Netherlands","Denmark",1
398,1996,"Netherlands","Finland",1
399,1996,"Netherlands","Sweden",1
400,1996,"Portugal","France",2
401,1996,"Portugal","Sweden",1
402,1996,"Spain","Austria",2
403,1996,"Spain","Denmark",4
404,1996,"Spain","Germany",2
405,1996,"Spain","Italy",1
406,1996,"Spain","Netherlands",1
407,1996,"Spain","Portugal",2
408,1996,"Spain","Sweden",2
409,1996,"United Kingdom","Austria",2
410,1996,"United Kingdom","Belgium",2
411,1996,"United Kingdom","Denmark",4
412,1996,"United Kingdom","France",4
413,1996,"United Kingdom","Germany",5
414,1996,"United Kingdom","Greece",1
415,1996,"United Kingdom","Italy",1
416,1996,"United Kingdom","Netherlands",6
417,1996,"United Kingdom","Portugal",3
418,1996,"United Kingdom","Sweden",2
419,1997,"Austria","France",4
420,1997,"Austria","Germany",1
421,1997,"Austria","Netherlands",2
422,1997,"Austria","Spain",1
423,1997,"Belgium","France",1
424,1997,"Belgium","Italy",2
425,1997,"Belgium","Netherlands",3
426,1997,"Commission","Austria",23
427,1997,"Commission","Belgium",33
428,1997,"Commission","Denmark",7
429,1997,"Commission","Finland",2
430,1997,"Commission","France",6
431,1997,"Commission","Germany",7
432,1997,"Commission","Greece",2
433,1997,"Commission","Italy",7
434,1997,"Commission","Netherlands",12
435,1997,"Commission","Spain",5
436,1997,"Commission","Sweden",5
437,1997,"Commission","United Kingdom",3
438,1997,"Denmark","Italy",1
439,1997,"Finland","Germany",1
440,1997,"France","Austria",2
441,1997,"France","Denmark",1
442,1997,"France","Germany",3
443,1997,"France","Italy",4
444,1997,"France","Netherlands",8
445,1997,"France","Spain",1
446,1997,"France","United Kingdom",2
447,1997,"Germany","Austria",7
448,1997,"Germany","Belgium",1
449,1997,"Germany","Greece",2
450,1997,"Germany","Italy",3
451,1997,"Germany","Netherlands",16
452,1997,"Germany","Portugal",1
453,1997,"Germany","Spain",2
454,1997,"Greece","Spain",1
455,1997,"Ireland","Austria",1
456,1997,"Ireland","Germany",1
457,1997,"Italy","Netherlands",2
458,1997,"Netherlands","Austria",2
459,1997,"Netherlands","France",2
460,1997,"Netherlands","Greece",2
461,1997,"Netherlands","Italy",2
462,1997,"Netherlands","Spain",1
463,1997,"Portugal","France",1
464,1997,"Spain","Austria",2
465,1997,"Spain","Finland",1
466,1997,"Spain","France",2
467,1997,"Spain","Germany",5
468,1997,"Spain","Greece",1
469,1997,"Spain","Italy",1
470,1997,"Spain","Netherlands",2
471,1997,"Sweden","Denmark",1
472,1997,"Sweden","Germany",1
473,1997,"United Kingdom","Austria",2
474,1997,"United Kingdom","France",2
475,1997,"United Kingdom","Germany",3
476,1997,"United Kingdom","Greece",1
477,1997,"United Kingdom","Italy",1
478,1997,"United Kingdom","Netherlands",4
479,1998,"Austria","France",1
480,1998,"Austria","Germany",1
481,1998,"Austria","Netherlands",1
482,1998,"Austria","Sweden",1
483,1998,"Austria","United Kingdom",1
484,1998,"Belgium","Denmark",2
485,1998,"Belgium","France",1
486,1998,"Belgium","Italy",1
487,1998,"Belgium","Netherlands",1
488,1998,"Belgium","United Kingdom",1
489,1998,"Commission","Austria",19
490,1998,"Commission","Belgium",7
491,1998,"Commission","Denmark",5
492,1998,"Commission","Finland",2
493,1998,"Commission","France",7
494,1998,"Commission","Germany",6
495,1998,"Commission","Greece",1
496,1998,"Commission","Italy",4
497,1998,"Commission","Netherlands",4
498,1998,"Commission","Portugal",1
499,1998,"Commission","Spain",3
500,1998,"Commission","Sweden",3
501,1998,"Commission","United Kingdom",1
502,1998,"Denmark","France",2
503,1998,"Denmark","Germany",1
504,1998,"Finland","France",1
505,1998,"Finland","Germany",1
506,1998,"Finland","Netherlands",1
507,1998,"Finland","United Kingdom",1
508,1998,"France","Belgium",4
509,1998,"France","Denmark",2
510,1998,"France","Germany",1
511,1998,"France","Italy",1
512,1998,"France","Netherlands",3
513,1998,"France","Spain",2
514,1998,"France","United Kingdom",1
515,1998,"Germany","Austria",2
516,1998,"Germany","Belgium",2
517,1998,"Germany","Denmark",6
518,1998,"Germany","France",5
519,1998,"Germany","Italy",2
520,1998,"Germany","Netherlands",6
521,1998,"Germany","Portugal",1
522,1998,"Germany","Sweden",1
523,1998,"Germany","United Kingdom",1
524,1998,"Ireland","Denmark",1
525,1998,"Ireland","France",1
526,1998,"Italy","Belgium",4
527,1998,"Italy","Denmark",1
528,1998,"Italy","Netherlands",1
529,1998,"Italy","United Kingdom",1
530,1998,"Netherlands","Belgium",3
531,1998,"Netherlands","France",4
532,1998,"Netherlands","Germany",3
533,1998,"Netherlands","Italy",1
534,1998,"Portugal","Belgium",1
535,1998,"Portugal","Denmark",1
536,1998,"Portugal","France",1
537,1998,"Portugal","Italy",1
538,1998,"Portugal","Netherlands",1
539,1998,"Spain","Denmark",1
540,1998,"Spain","France",4
541,1998,"Spain","Germany",2
542,1998,"Spain","Italy",1
543,1998,"Spain","Netherlands",1
544,1998,"Spain","Sweden",2
545,1998,"Spain","United Kingdom",1
546,1998,"Sweden","Germany",1
547,1998,"Sweden","Netherlands",1
548,1998,"United Kingdom","Belgium",1
549,1998,"United Kingdom","Denmark",3
550,1998,"United Kingdom","France",1
551,1998,"United Kingdom","Germany",1
552,1998,"United Kingdom","Italy",1
553,1998,"United Kingdom","Netherlands",6
554,1999,"Austria","Belgium",1
555,1999,"Austria","Finland",1
556,1999,"Austria","Italy",2
557,1999,"Belgium","Netherlands",1
558,1999,"Belgium","United Kingdom",1
559,1999,"Commission","Austria",4
560,1999,"Commission","Belgium",4
561,1999,"Commission","Denmark",5
562,1999,"Commission","Finland",3
563,1999,"Commission","France",8
564,1999,"Commission","Germany",3
565,1999,"Commission","Greece",1
566,1999,"Commission","Italy",5
567,1999,"Commission","Netherlands",3
568,1999,"Commission","Portugal",2
569,1999,"Commission","Sweden",4
570,1999,"Commission","United Kingdom",1
571,1999,"Denmark","Belgium",1
572,1999,"Denmark","Netherlands",1
573,1999,"Finland","Belgium",2
574,1999,"France","Austria",2
575,1999,"France","Belgium",3
576,1999,"France","Germany",3
577,1999,"France","Italy",4
578,1999,"France","Netherlands",1
579,1999,"France","United Kingdom",2
580,1999,"Germany","Austria",2
581,1999,"Germany","Belgium",1
582,1999,"Germany","Denmark",2
583,1999,"Germany","Finland",3
584,1999,"Germany","France",3
585,1999,"Germany","Italy",2
586,1999,"Germany","Netherlands",6
587,1999,"Germany","Portugal",1
588,1999,"Germany","Spain",1
589,1999,"Germany","Sweden",1
590,1999,"Germany","United Kingdom",3
591,1999,"Ireland","Belgium",1
592,1999,"Ireland","Netherlands",1
593,1999,"Italy","Greece",1
594,1999,"Netherlands","Austria",1
595,1999,"Netherlands","Belgium",1
596,1999,"Netherlands","Denmark",1
597,1999,"Netherlands","France",2
598,1999,"Netherlands","Germany",2
599,1999,"Netherlands","Italy",2
600,1999,"Portugal","Belgium",1
601,1999,"Portugal","Netherlands",2
602,1999,"Spain","Austria",1
603,1999,"Spain","Belgium",1
604,1999,"Spain","Denmark",2
605,1999,"Spain","Finland",1
606,1999,"Spain","France",2
607,1999,"Spain","Germany",2
608,1999,"Spain","Italy",3
609,1999,"Spain","Netherlands",3
610,1999,"Sweden","Belgium",1
611,1999,"Sweden","France",1
612,1999,"United Kingdom","Austria",1
613,1999,"United Kingdom","Belgium",1
614,1999,"United Kingdom","France",2
615,1999,"United Kingdom","Italy",1
616,1999,"United Kingdom","Netherlands",3
617,2000,"Austria","Denmark",1
618,2000,"Austria","France",1
619,2000,"Austria","Portugal",1
620,2000,"Austria","Sweden",1
621,2000,"Belgium","Denmark",1
622,2000,"Commission","Austria",5
623,2000,"Commission","Belgium",12
624,2000,"Commission","Denmark",2
625,2000,"Commission","France",1
626,2000,"Commission","Germany",6
627,2000,"Commission","Greece",3
628,2000,"Commission","Italy",4
629,2000,"Commission","Netherlands",12
630,2000,"Commission","Spain",2
631,2000,"Commission","Sweden",2
632,2000,"Commission","United Kingdom",1
633,2000,"Denmark","Germany",1
634,2000,"Finland","Belgium",1
635,2000,"Finland","Sweden",1
636,2000,"France","Austria",1
637,2000,"France","Belgium",1
638,2000,"France","Denmark",1
639,2000,"France","Finland",1
640,2000,"France","Germany",1
641,2000,"France","Italy",1
642,2000,"France","Netherlands",3
643,2000,"France","Portugal",1
644,2000,"France","Sweden",1
645,2000,"Germany","Austria",3
646,2000,"Germany","Belgium",2
647,2000,"Germany","Denmark",3
648,2000,"Germany","France",2
649,2000,"Germany","Greece",1
650,2000,"Germany","Ireland",1
651,2000,"Germany","Italy",2
652,2000,"Germany","Netherlands",7
653,2000,"Germany","Portugal",1
654,2000,"Germany","Spain",1
655,2000,"Germany","Sweden",2
656,2000,"Germany","United Kingdom",2
657,2000,"Ireland","Austria",1
658,2000,"Ireland","Denmark",2
659,2000,"Ireland","France",2
660,2000,"Ireland","Italy",1
661,2000,"Ireland","Netherlands",4
662,2000,"Italy","France",1
663,2000,"Italy","Greece",1
664,2000,"Italy","Portugal",1
665,2000,"Italy","Spain",1
666,2000,"Netherlands","Austria",1
667,2000,"Netherlands","France",1
668,2000,"Netherlands","Germany",1
669,2000,"Netherlands","Ireland",1
670,2000,"Netherlands","Italy",1
671,2000,"Netherlands","Spain",1
672,2000,"Netherlands","United Kingdom",1
673,2000,"Portugal","Netherlands",1
674,2000,"Spain","Austria",1
675,2000,"Spain","Belgium",1
676,2000,"Spain","France",5
677,2000,"Spain","Greece",2
678,2000,"Spain","Italy",1
679,2000,"Spain","Netherlands",3
680,2000,"Sweden","United Kingdom",1
681,2000,"United Kingdom","Austria",1
682,2000,"United Kingdom","Belgium",3
683,2000,"United Kingdom","Denmark",1
684,2000,"United Kingdom","France",2
685,2000,"United Kingdom","Italy",1
686,2000,"United Kingdom","Netherlands",3
687,2000,"United Kingdom","Sweden",1
688,2001,"Austria","France",2
689,2001,"Austria","Germany",2
690,2001,"Austria","Italy",1
691,2001,"Belgium","Denmark",1
692,2001,"Belgium","Ireland",1
693,2001,"Commission","Austria",12
694,2001,"Commission","Belgium",4
695,2001,"Commission","Denmark",7
696,2001,"Commission","Finland",3
697,2001,"Commission","France",4
698,2001,"Commission","Germany",7
699,2001,"Commission","Italy",7
700,2001,"Commission","Netherlands",7
701,2001,"Commission","Portugal",1
702,2001,"Commission","Spain",1
703,2001,"Commission","Sweden",4
704,2001,"Commission","United Kingdom",3
705,2001,"Finland","Austria",1
706,2001,"Finland","France",1
707,2001,"Finland","Netherlands",3
708,2001,"France","Austria",5
709,2001,"France","Belgium",2
710,2001,"France","Denmark",1
711,2001,"France","Germany",2
712,2001,"France","Italy",2
713,2001,"France","Netherlands",2
714,2001,"France","Spain",1
715,2001,"Germany","Austria",7
716,2001,"Germany","Denmark",2
717,2001,"Germany","Finland",1
718,2001,"Germany","France",1
719,2001,"Germany","Greece",1
720,2001,"Germany","Netherlands",7
721,2001,"Germany","Portugal",1
722,2001,"Germany","Spain",2
723,2001,"Germany","United Kingdom",1
724,2001,"Greece","Netherlands",1
725,2001,"Italy","Denmark",1
726,2001,"Italy","Germany",2
727,2001,"Italy","Netherlands",1
728,2001,"Italy","Portugal",1
729,2001,"Italy","Sweden",1
730,2001,"Luxembourg","Belgium",1
731,2001,"Luxembourg","Germany",1
732,2001,"Luxembourg","Netherlands",1
733,2001,"Netherlands","Denmark",2
734,2001,"Netherlands","France",1
735,2001,"Netherlands","Germany",2
736,2001,"Netherlands","Italy",2
737,2001,"Netherlands","Portugal",1
738,2001,"Portugal","Germany",1
739,2001,"Portugal","Netherlands",1
740,2001,"Spain","Austria",1
741,2001,"Spain","Denmark",3
742,2001,"Spain","France",1
743,2001,"Spain","Germany",1
744,2001,"Spain","Netherlands",2
745,2001,"Sweden","Austria",1
746,2001,"Sweden","Belgium",1
747,2001,"United Kingdom","Austria",2
748,2001,"United Kingdom","Denmark",1
749,2001,"United Kingdom","Germany",1
750,2001,"United Kingdom","Italy",1
751,2001,"United Kingdom","Netherlands",3
752,2002,"Austria","Belgium",2
753,2002,"Austria","Denmark",1
754,2002,"Austria","France",1
755,2002,"Austria","Greece",1
756,2002,"Austria","Netherlands",2
757,2002,"Belgium","Austria",1
758,2002,"Belgium","Denmark",2
759,2002,"Belgium","France",1
760,2002,"Belgium","Germany",2
761,2002,"Commission","Austria",4
762,2002,"Commission","Belgium",10
763,2002,"Commission","Denmark",3
764,2002,"Commission","Finland",1
765,2002,"Commission","France",4
766,2002,"Commission","Germany",4
767,2002,"Commission","Greece",5
768,2002,"Commission","Italy",11
769,2002,"Commission","Netherlands",8
770,2002,"Commission","Spain",6
771,2002,"Commission","Sweden",7
772,2002,"Commission","United Kingdom",7
773,2002,"Denmark","France",1
774,2002,"Denmark","Germany",1
775,2002,"Finland","France",2
776,2002,"Finland","Germany",1
777,2002,"France","Austria",1
778,2002,"France","Belgium",1
779,2002,"France","Denmark",3
780,2002,"France","Germany",2
781,2002,"France","Netherlands",5
782,2002,"France","Spain",2
783,2002,"Germany","Austria",1
784,2002,"Germany","Belgium",5
785,2002,"Germany","Denmark",1
786,2002,"Germany","France",4
787,2002,"Germany","Italy",2
788,2002,"Germany","Netherlands",1
789,2002,"Germany","Spain",2
790,2002,"Germany","Sweden",3
791,2002,"Germany","United Kingdom",2
792,2002,"Ireland","Germany",1
793,2002,"Italy","Austria",1
794,2002,"Italy","Belgium",3
795,2002,"Italy","Spain",1
796,2002,"Luxembourg","Ireland",1
797,2002,"Netherlands","Austria",1
798,2002,"Netherlands","Belgium",4
799,2002,"Netherlands","Denmark",2
800,2002,"Netherlands","Finland",1
801,2002,"Netherlands","France",2
802,2002,"Netherlands","Germany",1
803,2002,"Netherlands","Italy",2
804,2002,"Portugal","Belgium",3
805,2002,"Portugal","Denmark",1
806,2002,"Spain","Austria",2
807,2002,"Spain","Belgium",3
808,2002,"Spain","Denmark",3
809,2002,"Spain","France",1
810,2002,"Spain","Germany",4
811,2002,"Spain","Italy",2
812,2002,"Spain","Netherlands",1
813,2002,"Sweden","Denmark",1
814,2002,"Sweden","Germany",1
815,2002,"United Kingdom","Belgium",1
816,2002,"United Kingdom","Denmark",2
817,2002,"United Kingdom","Finland",1
818,2002,"United Kingdom","France",4
819,2002,"United Kingdom","Germany",3
820,2002,"United Kingdom","Italy",1
821,2002,"United Kingdom","Netherlands",2
822,2002,"United Kingdom","Spain",2
823,2003,"Austria","Germany",1
824,2003,"Austria","Ireland",1
825,2003,"Austria","Italy",1
826,2003,"Belgium","Germany",2
827,2003,"Belgium","Italy",1
828,2003,"Belgium","Portugal",1
829,2003,"Commission","Austria",2
830,2003,"Commission","Belgium",1
831,2003,"Commission","Denmark",9
832,2003,"Commission","France",13
833,2003,"Commission","Germany",9
834,2003,"Commission","Greece",4
835,2003,"Commission","Italy",11
836,2003,"Commission","Luxembourg",3
837,2003,"Commission","Netherlands",2
838,2003,"Commission","Portugal",2
839,2003,"Commission","Spain",18
840,2003,"Commission","Sweden",3
841,2003,"Commission","United Kingdom",3
842,2003,"France","Austria",1
843,2003,"France","Denmark",6
844,2003,"France","Germany",1
845,2003,"France","Greece",1
846,2003,"France","Italy",3
847,2003,"France","Netherlands",2
848,2003,"Germany","Austria",1
849,2003,"Germany","Finland",1
850,2003,"Germany","France",1
851,2003,"Germany","Ireland",1
852,2003,"Germany","Italy",2
853,2003,"Germany","Luxembourg",1
854,2003,"Italy","France",1
855,2003,"Italy","Germany",2
856,2003,"Luxembourg","Germany",1
857,2003,"Netherlands","Belgium",1
858,2003,"Netherlands","France",1
859,2003,"Netherlands","Germany",4
860,2003,"Netherlands","Italy",1
861,2003,"Portugal","Germany",1
862,2003,"Spain","Austria",1
863,2003,"Spain","Belgium",1
864,2003,"Spain","Denmark",3
865,2003,"Spain","France",1
866,2003,"Spain","Germany",3
867,2003,"Spain","Netherlands",1
868,2003,"Spain","United Kingdom",3
869,2003,"United Kingdom","Denmark",1
870,2003,"United Kingdom","France",1
871,2003,"United Kingdom","Germany",2
872,2003,"United Kingdom","Greece",1
873,2004,"Austria","Germany",3
874,2004,"Austria","Netherlands",1
875,2004,"Belgium","France",1
876,2004,"Belgium","Germany",2
877,2004,"Belgium","Italy",1
878,2004,"Belgium","Netherlands",1
879,2004,"Commission","Austria",4
880,2004,"Commission","Belgium",4
881,2004,"Commission","Cyprus",1
882,2004,"Commission","Czech Republic",3
883,2004,"Commission","Denmark",2
884,2004,"Commission","Finland",3
885,2004,"Commission","France",2
886,2004,"Commission","Germany",13
887,2004,"Commission","Greece",5
888,2004,"Commission","Italy",5
889,2004,"Commission","Latvia",4
890,2004,"Commission","Luxembourg",1
891,2004,"Commission","Malta",1
892,2004,"Commission","Netherlands",3
893,2004,"Commission","Poland",1
894,2004,"Commission","Portugal",1
895,2004,"Commission","Slovakia",1
896,2004,"Commission","Slovenia",2
897,2004,"Commission","Spain",2
898,2004,"Commission","Sweden",2
899,2004,"Commission","United Kingdom",6
900,2004,"Denmark","Belgium",2
901,2004,"Denmark","Germany",2
902,2004,"Finland","Netherlands",1
903,2004,"France","Czech Republic",1
904,2004,"France","Germany",3
905,2004,"France","Latvia",1
906,2004,"France","Spain",1
907,2004,"Germany","Austria",2
908,2004,"Germany","Denmark",1
909,2004,"Germany","Finland",2
910,2004,"Germany","Ireland",1
911,2004,"Germany","Netherlands",2
912,2004,"Germany","Slovenia",1
913,2004,"Germany","Spain",1
914,2004,"Hungary","Austria",1
915,2004,"Ireland","Germany",1
916,2004,"Italy","Belgium",2
917,2004,"Italy","France",1
918,2004,"Italy","Germany",2
919,2004,"Italy","Latvia",1
920,2004,"Italy","Spain",1
921,2004,"Italy","Sweden",1
922,2004,"Italy","United Kingdom",1
923,2004,"Luxembourg","Germany",1
924,2004,"Netherlands","Germany",1
925,2004,"Netherlands","Italy",2
926,2004,"Slovakia","Italy",2
927,2004,"Slovenia","Czech Republic",1
928,2004,"Slovenia","Italy",1
929,2004,"Slovenia","Slovakia",1
930,2004,"Spain","Germany",2
931,2004,"Spain","Italy",3
932,2004,"Spain","Netherlands",1
933,2004,"Spain","Sweden",1
934,2004,"Sweden","Netherlands",1
935,2004,"United Kingdom","Germany",2
936,2004,"United Kingdom","Italy",1
937,2005,"Austria","Germany",1
938,2005,"Austria","Italy",1
939,2005,"Belgium","Denmark",1
940,2005,"Belgium","France",1
941,2005,"Belgium","Germany",1
942,2005,"Belgium","Greece",1
943,2005,"Belgium","Italy",1
944,2005,"Belgium","Netherlands",1
945,2005,"Commission","Austria",6
946,2005,"Commission","Belgium",3
947,2005,"Commission","Czech Republic",5
948,2005,"Commission","Denmark",2
949,2005,"Commission","Estonia",3
950,2005,"Commission","France",3
951,2005,"Commission","Germany",3
952,2005,"Commission","Greece",3
953,2005,"Commission","Hungary",2
954,2005,"Commission","Italy",16
955,2005,"Commission","Latvia",1
956,2005,"Commission","Lithuania",3
957,2005,"Commission","Luxembourg",2
958,2005,"Commission","Netherlands",3
959,2005,"Commission","Poland",2
960,2005,"Commission","Portugal",1
961,2005,"Commission","Slovakia",4
962,2005,"Commission","Slovenia",3
963,2005,"Commission","Spain",3
964,2005,"Commission","Sweden",5
965,2005,"Commission","United Kingdom",4
966,2005,"Czech Republic","France",1
967,2005,"Czech Republic","Slovakia",1
968,2005,"Denmark","France",1
969,2005,"Denmark","Italy",1
970,2005,"Denmark","Slovakia",1
971,2005,"France","Denmark",1
972,2005,"France","Germany",2
973,2005,"France","Italy",1
974,2005,"France","Netherlands",2
975,2005,"France","Slovakia",1
976,2005,"France","Spain",2
977,2005,"France","United Kingdom",1
978,2005,"Germany","Belgium",1
979,2005,"Germany","Denmark",1
980,2005,"Germany","Italy",2
981,2005,"Germany","Spain",1
982,2005,"Germany","United Kingdom",1
983,2005,"Ireland","France",1
984,2005,"Italy","Austria",1
985,2005,"Luxembourg","Hungary",1
986,2005,"Netherlands","Hungary",1
987,2005,"Netherlands","Italy",1
988,2005,"Netherlands","Slovakia",1
989,2005,"Slovenia","Czech Republic",1
990,2005,"Spain","Belgium",1
991,2005,"Spain","Czech Republic",2
992,2005,"Spain","France",1
993,2005,"Spain","Italy",1
994,2005,"United Kingdom","France",1
995,2005,"United Kingdom","Greece",1
996,2005,"United Kingdom","Luxembourg",1
997,2005,"United Kingdom","Sweden",1
998,2006,"Austria","Belgium",1
999,2006,"Austria","Czech Republic",1
1000,2006,"Austria","France",2
1001,2006,"Austria","Germany",2
1002,2006,"Austria","Slovakia",1
1003,2006,"Austria","Slovenia",1
1004,2006,"Belgium","France",1
1005,2006,"Belgium","Netherlands",1
1006,2006,"Commission","Austria",3
1007,2006,"Commission","Belgium",6
1008,2006,"Commission","Czech Republic",2
1009,2006,"Commission","France",11
1010,2006,"Commission","Germany",8
1011,2006,"Commission","Greece",1
1012,2006,"Commission","Hungary",2
1013,2006,"Commission","Italy",1
1014,2006,"Commission","Latvia",1
1015,2006,"Commission","Lithuania",1
1016,2006,"Commission","Malta",2
1017,2006,"Commission","Netherlands",1
1018,2006,"Commission","Poland",8
1019,2006,"Commission","Portugal",2
1020,2006,"Commission","Slovakia",1
1021,2006,"Commission","Slovenia",1
1022,2006,"Commission","Spain",2
1023,2006,"Commission","Sweden",2
1024,2006,"Commission","United Kingdom",6
1025,2006,"Denmark","Lithuania",1
1026,2006,"Denmark","Netherlands",1
1027,2006,"Estonia","Lithuania",1
1028,2006,"France","Netherlands",1
1029,2006,"France","Sweden",1
1030,2006,"Germany","Austria",2
1031,2006,"Germany","Denmark",1
1032,2006,"Germany","France",1
1033,2006,"Germany","Italy",1
1034,2006,"Germany","Poland",3
1035,2006,"Hungary","Poland",1
1036,2006,"Hungary","Slovakia",1
1037,2006,"Italy","France",1
1038,2006,"Italy","Slovakia",1
1039,2006,"Italy","United Kingdom",4
1040,2006,"Luxembourg","Netherlands",1
1041,2006,"Malta","Italy",1
1042,2006,"Netherlands","Portugal",1
1043,2006,"Netherlands","Spain",1
1044,2006,"Poland","Czech Republic",1
1045,2006,"Poland","Hungary",1
1046,2006,"Portugal","Finland",1
1047,2006,"Slovakia","Poland",1
1048,2006,"Slovakia","Sweden",1
1049,2006,"Spain","Denmark",1
1050,2006,"Spain","Finland",1
1051,2006,"Spain","Germany",1
1052,2006,"Spain","Greece",1
1053,2006,"Spain","United Kingdom",2
1054,2006,"United Kingdom","Finland",1
1055,2006,"United Kingdom","France",1
1056,2006,"United Kingdom","Germany",3
1057,2006,"United Kingdom","Netherlands",1
1058,2007,"Austria","Germany",1
1059,2007,"Austria","Italy",1
1060,2007,"Austria","Netherlands",1
1061,2007,"Austria","Slovenia",1
1062,2007,"Commission","Austria",1
1063,2007,"Commission","Belgium",3
1064,2007,"Commission","Bulgaria",1
1065,2007,"Commission","Czech Republic",3
1066,2007,"Commission","Denmark",4
1067,2007,"Commission","France",10
1068,2007,"Commission","Germany",5
1069,2007,"Commission","Greece",3
1070,2007,"Commission","Italy",4
1071,2007,"Commission","Latvia",2
1072,2007,"Commission","Lithuania",2
1073,2007,"Commission","Luxembourg",1
1074,2007,"Commission","Netherlands",3
1075,2007,"Commission","Poland",10
1076,2007,"Commission","Romania",3
1077,2007,"Commission","Slovakia",1
1078,2007,"Commission","Slovenia",2
1079,2007,"Commission","Spain",4
1080,2007,"Commission","Sweden",1
1081,2007,"Commission","United Kingdom",3
1082,2007,"Denmark","Lithuania",1
1083,2007,"France","Belgium",2
1084,2007,"France","Denmark",1
1085,2007,"France","Finland",1
1086,2007,"France","Germany",2
1087,2007,"France","Italy",1
1088,2007,"France","Netherlands",1
1089,2007,"Germany","Finland",1
1090,2007,"Germany","Hungary",1
1091,2007,"Germany","Ireland",1
1092,2007,"Germany","Italy",1
1093,2007,"Germany","Netherlands",1
1094,2007,"Germany","Spain",1
1095,2007,"Ireland","United Kingdom",1
1096,2007,"Italy","Finland",1
1097,2007,"Italy","Netherlands",2
1098,2007,"Italy","Poland",2
1099,2007,"Luxembourg","Germany",1
1100,2007,"Malta","France",2
1101,2007,"Malta","Italy",1
1102,2007,"Netherlands","Poland",3
1103,2007,"Portugal","Poland",1
1104,2007,"Spain","Czech Republic",1
1105,2007,"Spain","Finland",1
1106,2007,"United Kingdom","France",1
1107,2007,"United Kingdom","Germany",1
1108,2007,"United Kingdom","Poland",1
1109,2007,"United Kingdom","Romania",1
1110,2008,"Austria","Latvia",1
1111,2008,"Austria","Poland",1
1112,2008,"Austria","Romania",1
1113,2008,"Austria","Spain",1
1114,2008,"Austria","United Kingdom",1
1115,2008,"Belgium","France",1
1116,2008,"Belgium","Germany",1
1117,2008,"Belgium","Spain",1
1118,2008,"Belgium","Sweden",3
1119,2008,"Commission","Austria",1
1120,2008,"Commission","Belgium",5
1121,2008,"Commission","Bulgaria",2
1122,2008,"Commission","Czech Republic",5
1123,2008,"Commission","Estonia",1
1124,2008,"Commission","Finland",1
1125,2008,"Commission","France",3
1126,2008,"Commission","Germany",3
1127,2008,"Commission","Greece",4
1128,2008,"Commission","Hungary",4
1129,2008,"Commission","Italy",4
1130,2008,"Commission","Latvia",4
1131,2008,"Commission","Lithuania",2
1132,2008,"Commission","Netherlands",2
1133,2008,"Commission","Poland",3
1134,2008,"Commission","Romania",2
1135,2008,"Commission","Slovakia",1
1136,2008,"Commission","Spain",1
1137,2008,"Commission","Sweden",3
1138,2008,"Commission","United Kingdom",1
1139,2008,"Denmark","Austria",1
1140,2008,"Denmark","Germany",1
1141,2008,"Estonia","Poland",1
1142,2008,"Finland","Denmark",1
1143,2008,"Finland","Germany",3
1144,2008,"Finland","Netherlands",2
1145,2008,"Finland","Romania",1
1146,2008,"Finland","Spain",1
1147,2008,"France","Bulgaria",2
1148,2008,"France","Czech Republic",1
1149,2008,"France","Germany",1
1150,2008,"France","Greece",1
1151,2008,"France","Italy",1
1152,2008,"France","Latvia",2
1153,2008,"France","Netherlands",1
1154,2008,"France","Poland",1
1155,2008,"France","Romania",1
1156,2008,"France","Spain",1
1157,2008,"Germany","France",1
1158,2008,"Germany","United Kingdom",1
1159,2008,"Greece","Netherlands",1
1160,2008,"Ireland","Germany",1
1161,2008,"Italy","Austria",1
1162,2008,"Italy","Germany",1
1163,2008,"Malta","Estonia",1
1164,2008,"Malta","Hungary",1
1165,2008,"Netherlands","Germany",1
1166,2008,"Netherlands","Latvia",1
1167,2008,"Poland","Germany",1
1168,2008,"Romania","Poland",1
1169,2008,"Spain","Germany",1
1170,2008,"Spain","Latvia",1
1171,2008,"Spain","Poland",1
1172,2008,"United Kingdom","Austria",1
1173,2008,"United Kingdom","Germany",1
1174,2009,"Austria","Belgium",1
1175,2009,"Austria","Germany",3
1176,2009,"Belgium","France",2
1177,2009,"Belgium","Italy",1
1178,2009,"Commission","Austria",3
1179,2009,"Commission","Belgium",8
1180,2009,"Commission","Czech Republic",2
1181,2009,"Commission","Estonia",3
1182,2009,"Commission","Finland",1
1183,2009,"Commission","France",4
1184,2009,"Commission","Germany",3
1185,2009,"Commission","Greece",1
1186,2009,"Commission","Ireland",1
1187,2009,"Commission","Italy",4
1188,2009,"Commission","Latvia",1
1189,2009,"Commission","Malta",2
1190,2009,"Commission","Poland",3
1191,2009,"Commission","Romania",6
1192,2009,"Commission","Slovakia",4
1193,2009,"Commission","Slovenia",1
1194,2009,"Commission","Spain",2
1195,2009,"Commission","Sweden",3
1196,2009,"Commission","United Kingdom",3
1197,2009,"Czech Republic","Greece",1
1198,2009,"Czech Republic","Italy",1
1199,2009,"Czech Republic","Slovakia",1
1200,2009,"Denmark","France",2
1201,2009,"Finland","Germany",1
1202,2009,"Finland","Italy",1
1203,2009,"France","Denmark",1
1204,2009,"France","Germany",3
1205,2009,"France","Italy",3
1206,2009,"France","Poland",2
1207,2009,"France","Slovakia",1
1208,2009,"Germany","France",2
1209,2009,"Germany","Italy",2
1210,2009,"Germany","Malta",1
1211,2009,"Germany","Slovakia",1
1212,2009,"Greece","United Kingdom",1
1213,2009,"Hungary","Finland",1
1214,2009,"Hungary","France",1
1215,2009,"Hungary","Germany",1
1216,2009,"Hungary","Italy",1
1217,2009,"Hungary","Malta",1
1218,2009,"Ireland","France",2
1219,2009,"Ireland","Italy",1
1220,2009,"Italy","France",3
1221,2009,"Italy","Greece",1
1222,2009,"Italy","Romania",1
1223,2009,"Italy","Spain",1
1224,2009,"Malta","Belgium",1
1225,2009,"Malta","Poland",1
1226,2009,"Netherlands","France",2
1227,2009,"Netherlands","Greece",1
1228,2009,"Netherlands","Italy",1
1229,2009,"Netherlands","Malta",1
1230,2009,"Portugal","France",2
1231,2009,"Romania","France",2
1232,2009,"Romania","Italy",1
1233,2009,"Slovakia","Italy",3
1234,2009,"Spain","France",2
1235,2009,"Spain","Greece",1
1236,2009,"Spain","Italy",2
1237,2009,"Spain","Latvia",1
1238,2009,"Spain","Malta",1
1239,2009,"United Kingdom","France",2
1240,2009,"United Kingdom","Italy",1
1241,2009,"United Kingdom","Slovakia",1
1242,2010,"Austria","Germany",4
1243,2010,"Austria","Ireland",1
1244,2010,"Austria","Italy",3
1245,2010,"Austria","Latvia",1
1246,2010,"Austria","Poland",1
1247,2010,"Austria","Romania",1
1248,2010,"Belgium","Austria",1
1249,2010,"Belgium","France",1
1250,2010,"Belgium","Italy",1
1251,2010,"Commission","Austria",1
1252,2010,"Commission","Belgium",1
1253,2010,"Commission","Bulgaria",2
1254,2010,"Commission","Cyprus",1
1255,2010,"Commission","Czech Republic",2
1256,2010,"Commission","Denmark",1
1257,2010,"Commission","Finland",1
1258,2010,"Commission","France",4
1259,2010,"Commission","Germany",6
1260,2010,"Commission","Hungary",1
1261,2010,"Commission","Ireland",2
1262,2010,"Commission","Italy",2
1263,2010,"Commission","Latvia",3
1264,2010,"Commission","Malta",1
1265,2010,"Commission","Poland",2
1266,2010,"Commission","Romania",2
1267,2010,"Commission","Slovakia",1
1268,2010,"Commission","Slovenia",1
1269,2010,"Commission","Spain",6
1270,2010,"Commission","Sweden",3
1271,2010,"Commission","United Kingdom",4
1272,2010,"Czech Republic","United Kingdom",1
1273,2010,"France","Germany",2
1274,2010,"France","Italy",3
1275,2010,"France","Latvia",1
1276,2010,"Germany","Italy",2
1277,2010,"Greece","United Kingdom",3
1278,2010,"Hungary","Italy",1
1279,2010,"Italy","France",1
1280,2010,"Italy","Germany",1
1281,2010,"Italy","Sweden",1
1282,2010,"Malta","Belgium",2
1283,2010,"Malta","Cyprus",1
1284,2010,"Malta","Finland",1
1285,2010,"Malta","Latvia",1
1286,2010,"Malta","Poland",1
1287,2010,"Malta","Romania",2
1288,2010,"Malta","Spain",1
1289,2010,"Netherlands","France",1
1290,2010,"Portugal","Italy",1
1291,2010,"Portugal","United Kingdom",4
1292,2010,"Romania","France",1
1293,2010,"Romania","Germany",1
1294,2010,"Romania","Spain",1
1295,2010,"Slovakia","Czech Republic",1
1296,2010,"Spain","Belgium",1
1297,2010,"Spain","Italy",2
1298,2010,"Sweden","Italy",1
1299,2011,"Austria","Denmark",2
1300,2011,"Austria","Hungary",2
1301,2011,"Austria","Italy",1
1302,2011,"Austria","Slovenia",1
1303,2011,"Commission","Bulgaria",2
1304,2011,"Commission","Cyprus",1
1305,2011,"Commission","Czech Republic",5
1306,2011,"Commission","Denmark",3
1307,2011,"Commission","Finland",6
1308,2011,"Commission","France",10
1309,2011,"Commission","Germany",3
1310,2011,"Commission","Greece",5
1311,2011,"Commission","Hungary",4
1312,2011,"Commission","Italy",3
1313,2011,"Commission","Latvia",2
1314,2011,"Commission","Netherlands",1
1315,2011,"Commission","Poland",1
1316,2011,"Commission","Slovakia",3
1317,2011,"Commission","Slovenia",2
1318,2011,"Commission","Spain",3
1319,2011,"Commission","Sweden",2
1320,2011,"Commission","United Kingdom",3
1321,2011,"Czech Republic","Austria",1
1322,2011,"Czech Republic","France",1
1323,2011,"Czech Republic","Slovakia",1
1324,2011,"France","Austria",1
1325,2011,"France","Germany",2
1326,2011,"France","Hungary",2
1327,2011,"France","Sweden",1
1328,2011,"France","United Kingdom",1
1329,2011,"Germany","Hungary",1
1330,2011,"Germany","Portugal",1
1331,2011,"Greece","Finland",1
1332,2011,"Greece","United Kingdom",1
1333,2011,"Ireland","Germany",1
1334,2011,"Italy","Denmark",1
1335,2011,"Italy","Finland",1
1336,2011,"Italy","Greece",1
1337,2011,"Italy","Portugal",1
1338,2011,"Italy","Spain",1
1339,2011,"Italy","United Kingdom",1
1340,2011,"Malta","Bulgaria",1
1341,2011,"Malta","Czech Republic",1
1342,2011,"Malta","Germany",2
1343,2011,"Malta","Greece",1
1344,2011,"Malta","Spain",3
1345,2011,"Netherlands","Austria",1
1346,2011,"Netherlands","Denmark",1
1347,2011,"Netherlands","Finland",1
1348,2011,"Netherlands","France",1
1349,2011,"Netherlands","Hungary",1
1350,2011,"Netherlands","Slovakia",1
1351,2011,"Portugal","Finland",1
1352,2011,"Portugal","United Kingdom",1
1353,2011,"Slovakia","France",1
1354,2011,"Spain","Denmark",1
1355,2011,"Spain","Finland",1
1356,2011,"Spain","France",1
1357,2011,"United Kingdom","Austria",1
1358,2011,"United Kingdom","France",1
1359,2011,"United Kingdom","Italy",1
1360,2012,"Austria","Bulgaria",2
1361,2012,"Austria","Czech Republic",1
1362,2012,"Austria","Greece",1
1363,2012,"Austria","Italy",5
1364,2012,"Austria","Poland",1
1365,2012,"Austria","Slovakia",1
1366,2012,"Belgium","Hungary",1
1367,2012,"Belgium","Italy",1
1368,2012,"Bulgaria","United Kingdom",1
1369,2012,"Commission","Austria",2
1370,2012,"Commission","Belgium",3
1371,2012,"Commission","Bulgaria",2
1372,2012,"Commission","Cyprus",2
1373,2012,"Commission","Czech Republic",9
1374,2012,"Commission","Denmark",2
1375,2012,"Commission","Finland",1
1376,2012,"Commission","France",4
1377,2012,"Commission","Germany",10
1378,2012,"Commission","Greece",3
1379,2012,"Commission","Hungary",1
1380,2012,"Commission","Ireland",1
1381,2012,"Commission","Italy",8
1382,2012,"Commission","Lithuania",2
1383,2012,"Commission","Malta",1
1384,2012,"Commission","Netherlands",1
1385,2012,"Commission","Poland",1
1386,2012,"Commission","Portugal",1
1387,2012,"Commission","Romania",1
1388,2012,"Commission","Slovakia",4
1389,2012,"Commission","Spain",6
1390,2012,"Commission","United Kingdom",1
1391,2012,"Czech Republic","Belgium",1
1392,2012,"Czech Republic","Bulgaria",1
1393,2012,"Czech Republic","France",1
1394,2012,"Czech Republic","Italy",1
1395,2012,"Czech Republic","Sweden",1
1396,2012,"Denmark","Netherlands",1
1397,2012,"Finland","Netherlands",1
1398,2012,"France","Czech Republic",1
1399,2012,"France","Denmark",1
1400,2012,"France","Hungary",1
1401,2012,"France","Italy",1
1402,2012,"France","Lithuania",1
1403,2012,"France","Netherlands",1
1404,2012,"France","Poland",1
1405,2012,"France","Slovakia",1
1406,2012,"France","Spain",1
1407,2012,"France","United Kingdom",1
1408,2012,"Germany","Hungary",1
1409,2012,"Germany","Italy",2
1410,2012,"Germany","Slovakia",1
1411,2012,"Greece","Hungary",1
1412,2012,"Greece","Netherlands",1
1413,2012,"Hungary","Italy",1
1414,2012,"Hungary","Netherlands",1
1415,2012,"Ireland","Italy",1
1416,2012,"Italy","Bulgaria",1
1417,2012,"Italy","France",1
1418,2012,"Italy","Lithuania",1
1419,2012,"Italy","Netherlands",1
1420,2012,"Italy","Poland",2
1421,2012,"Italy","Slovakia",1
1422,2012,"Italy","Spain",2
1423,2012,"Italy","United Kingdom",1
1424,2012,"Luxembourg","France",1
1425,2012,"Malta","Czech Republic",1
1426,2012,"Malta","Germany",1
1427,2012,"Malta","Greece",1
1428,2012,"Malta","Spain",1
1429,2012,"Malta","United Kingdom",1
1430,2012,"Netherlands","Italy",1
1431,2012,"Poland","Netherlands",1
1432,2012,"Portugal","France",1
1433,2012,"Portugal","United Kingdom",1
1434,2012,"Romania","Hungary",1
1435,2012,"Romania","Netherlands",1
1436,2012,"Slovakia","Czech Republic",1
1437,2012,"Slovakia","Netherlands",1
1438,2012,"Slovakia","Poland",1
1439,2012,"Spain","Austria",1
1440,2012,"Spain","Belgium",3
1441,2012,"Spain","France",1
1442,2012,"Spain","Hungary",2
1443,2012,"Spain","Italy",4
1444,2012,"Spain","Malta",1
1445,2012,"Spain","Netherlands",1
1446,2012,"Spain","Portugal",1
1447,2012,"Spain","Slovakia",1
1448,2012,"Spain","Sweden",1
1449,2012,"Spain","United Kingdom",1
1450,2012,"United Kingdom","Belgium",1
1451,2012,"United Kingdom","France",1
1452,2012,"United Kingdom","Italy",1
1453,2012,"United Kingdom","Poland",1
1454,2012,"United Kingdom","Spain",1
1455,2012,"United Kingdom","Sweden",1
1456,2013,"Austria","Denmark",1
1457,2013,"Austria","Hungary",2
1458,2013,"Austria","Italy",1
1459,2013,"Austria","Latvia",2
1460,2013,"Austria","Lithuania",1
1461,2013,"Austria","Slovakia",2
1462,2013,"Austria","Sweden",1
1463,2013,"Belgium","France",1
1464,2013,"Commission","Austria",1
1465,2013,"Commission","Belgium",4
1466,2013,"Commission","Bulgaria",3
1467,2013,"Commission","Czech Republic",2
1468,2013,"Commission","Denmark",7
1469,2013,"Commission","Estonia",1
1470,2013,"Commission","Finland",2
1471,2013,"Commission","France",1
1472,2013,"Commission","Germany",12
1473,2013,"Commission","Greece",4
1474,2013,"Commission","Hungary",8
1475,2013,"Commission","Italy",5
1476,2013,"Commission","Latvia",2
1477,2013,"Commission","Lithuania",5
1478,2013,"Commission","Luxembourg",6
1479,2013,"Commission","Netherlands",3
1480,2013,"Commission","Portugal",1
1481,2013,"Commission","Romania",4
1482,2013,"Commission","Slovakia",8
1483,2013,"Commission","Slovenia",1
1484,2013,"Commission","Spain",4
1485,2013,"Commission","Sweden",1
1486,2013,"Commission","United Kingdom",2
1487,2013,"Czech Republic","Belgium",1
1488,2013,"Czech Republic","France",1
1489,2013,"Czech Republic","Lithuania",2
1490,2013,"Czech Republic","Slovakia",1
1491,2013,"Czech Republic","Slovenia",1
1492,2013,"Denmark","Cyprus",1
1493,2013,"France","Croatia",1
1494,2013,"France","Germany",2
1495,2013,"France","Hungary",1
1496,2013,"France","Slovakia",1
1497,2013,"Italy","Belgium",1
1498,2013,"Italy","France",1
1499,2013,"Italy","Latvia",1
1500,2013,"Italy","Lithuania",1
1501,2013,"Italy","Poland",1
1502,2013,"Italy","Slovakia",1
1503,2013,"Italy","Spain",1
1504,2013,"Lithuania","Estonia",1
1505,2013,"Malta","Greece",1
1506,2013,"Malta","Hungary",2
1507,2013,"Malta","Slovenia",1
1508,2013,"Netherlands","Belgium",1
1509,2013,"Netherlands","Czech Republic",1
1510,2013,"Netherlands","France",1
1511,2013,"Netherlands","Hungary",1
1512,2013,"Netherlands","Italy",1
1513,2013,"Netherlands","Latvia",1
1514,2013,"Netherlands","Slovakia",1
1515,2013,"Poland","Hungary",1
1516,2013,"Poland","Slovakia",1
1517,2013,"Portugal","Latvia",1
1518,2013,"Romania","Latvia",1
1519,2013,"Slovakia","France",1
1520,2013,"Slovakia","Hungary",1
1521,2013,"Slovakia","Latvia",1
1522,2013,"Slovakia","Lithuania",2
1523,2013,"Slovakia","United Kingdom",1
1524,2013,"Spain","France",2
1525,2013,"Spain","Hungary",1
1526,2013,"Spain","Lithuania",2
1527,2013,"Spain","Portugal",1
1528,2013,"United Kingdom","France",1
1529,2013,"United Kingdom","Italy",1
1530,2014,"Austria","Croatia",1
1531,2014,"Austria","Czech Republic",1
1532,2014,"Austria","France",1
1533,2014,"Austria","Germany",1
1534,2014,"Austria","Hungary",1
1535,2014,"Austria","Lithuania",1
1536,2014,"Austria","Poland",1
1537,2014,"Belgium","Hungary",1
1538,2014,"Belgium","Lithuania",1
1539,2014,"Bulgaria","Ireland",1
1540,2014,"Bulgaria","United Kingdom",1
1541,2014,"Commission","Austria",2
1542,2014,"Commission","Belgium",2
1543,2014,"Commission","Bulgaria",1
1544,2014,"Commission","Croatia",1
1545,2014,"Commission","Cyprus",2
1546,2014,"Commission","Denmark",3
1547,2014,"Commission","Finland",1
1548,2014,"Commission","France",5
1549,2014,"Commission","Germany",4
1550,2014,"Commission","Hungary",4
1551,2014,"Commission","Ireland",1
1552,2014,"Commission","Italy",4
1553,2014,"Commission","Latvia",2
1554,2014,"Commission","Lithuania",7
1555,2014,"Commission","Malta",1
1556,2014,"Commission","Poland",3
1557,2014,"Commission","Portugal",2
1558,2014,"Commission","Romania",3
1559,2014,"Commission","Slovakia",2
1560,2014,"Commission","Slovenia",2
1561,2014,"Commission","Spain",3
1562,2014,"Commission","Sweden",1
1563,2014,"Commission","United Kingdom",4
1564,2014,"Czech Republic","Denmark",1
1565,2014,"Czech Republic","Finland",1
1566,2014,"Czech Republic","Ireland",1
1567,2014,"Czech Republic","Italy",1
1568,2014,"Czech Republic","Slovakia",1
1569,2014,"Czech Republic","United Kingdom",1
1570,2014,"France","Bulgaria",1
1571,2014,"France","Croatia",1
1572,2014,"France","Lithuania",1
1573,2014,"France","Poland",1
1574,2014,"Greece","Ireland",1
1575,2014,"Greece","United Kingdom",1
1576,2014,"Hungary","France",1
1577,2014,"Hungary","Ireland",1
1578,2014,"Hungary","United Kingdom",1
1579,2014,"Ireland","Italy",1
1580,2014,"Italy","Finland",1
1581,2014,"Italy","Hungary",1
1582,2014,"Italy","Ireland",1
1583,2014,"Italy","Netherlands",1
1584,2014,"Italy","United Kingdom",1
1585,2014,"Lithuania","United Kingdom",1
1586,2014,"Malta","Croatia",1
1587,2014,"Malta","Hungary",1
1588,2014,"Malta","Ireland",1
1589,2014,"Malta","Lithuania",1
1590,2014,"Malta","Poland",1
1591,2014,"Malta","Portugal",1
1592,2014,"Netherlands","Italy",1
1593,2014,"Poland","Hungary",1
1594,2014,"Poland","Ireland",1
1595,2014,"Poland","Italy",1
1596,2014,"Poland","Slovenia",1
1597,2014,"Poland","United Kingdom",1
1598,2014,"Portugal","Ireland",1
1599,2014,"Portugal","Netherlands",1
1600,2014,"Portugal","United Kingdom",1
1601,2014,"Romania","Ireland",1
1602,2014,"Romania","United Kingdom",1
1603,2014,"Slovakia","Finland",1
1604,2014,"Slovakia","France",1
1605,2014,"Slovakia","Ireland",1
1606,2014,"Slovakia","Lithuania",1
1607,2014,"Slovakia","Poland",1
1608,2014,"Slovakia","United Kingdom",1
1609,2014,"Spain","Croatia",1
1610,2014,"Spain","Finland",1
1611,2014,"Spain","France",1
1612,2014,"Spain","Germany",1
1613,2014,"Spain","Hungary",2
1614,2014,"Spain","Ireland",1
1615,2014,"Spain","Lithuania",1
1616,2014,"Spain","United Kingdom",2
1617,2014,"United Kingdom","Hungary",1
1618,2015,"Austria","Estonia",1
1619,2015,"Austria","France",2
1620,2015,"Austria","Lithuania",1
1621,2015,"Bulgaria","France",2
1622,2015,"Bulgaria","Hungary",1
1623,2015,"Bulgaria","Ireland",1
1624,2015,"Commission","Austria",1
1625,2015,"Commission","Belgium",2
1626,2015,"Commission","Bulgaria",4
1627,2015,"Commission","Czech Republic",7
1628,2015,"Commission","Denmark",4
1629,2015,"Commission","Estonia",2
1630,2015,"Commission","Finland",2
1631,2015,"Commission","France",14
1632,2015,"Commission","Germany",4
1633,2015,"Commission","Greece",3
1634,2015,"Commission","Hungary",3
1635,2015,"Commission","Ireland",1
1636,2015,"Commission","Italy",4
1637,2015,"Commission","Latvia",2
1638,2015,"Commission","Lithuania",9
1639,2015,"Commission","Netherlands",2
1640,2015,"Commission","Poland",2
1641,2015,"Commission","Portugal",3
1642,2015,"Commission","Romania",2
1643,2015,"Commission","Slovakia",2
1644,2015,"Commission","Slovenia",1
1645,2015,"Commission","Spain",4
1646,2015,"Czech Republic","France",2
1647,2015,"Czech Republic","Hungary",1
1648,2015,"Czech Republic","Ireland",1
1649,2015,"Estonia","Lithuania",1
1650,2015,"Finland","Poland",3
1651,2015,"France","Poland",1
1652,2015,"France","Portugal",1
1653,2015,"Germany","France",6
1654,2015,"Germany","Portugal",1
1655,2015,"Greece","Czech Republic",1
1656,2015,"Greece","France",2
1657,2015,"Greece","Hungary",1
1658,2015,"Greece","Ireland",1
1659,2015,"Hungary","Romania",1
1660,2015,"Hungary","Slovakia",1
1661,2015,"Italy","Finland",1
1662,2015,"Italy","France",3
1663,2015,"Italy","Hungary",1
1664,2015,"Italy","Ireland",1
1665,2015,"Italy","Netherlands",1
1666,2015,"Lithuania","France",2
1667,2015,"Malta","Czech Republic",1
1668,2015,"Poland","France",1
1669,2015,"Poland","Portugal",1
1670,2015,"Portugal","France",2
1671,2015,"Portugal","Hungary",1
1672,2015,"Portugal","Ireland",1
1673,2015,"Portugal","Lithuania",1
1674,2015,"Romania","France",1
1675,2015,"Romania","Hungary",1
1676,2015,"Slovakia","Czech Republic",1
1677,2015,"Slovakia","France",2
1678,2015,"Slovakia","Hungary",1
1679,2015,"Slovakia","Ireland",1
1680,2015,"Slovakia","Latvia",1
1681,2015,"Spain","Finland",1
1682,2015,"Spain","France",2
1683,2015,"Spain","Hungary",1
1684,2015,"Spain","Ireland",1
1685,2015,"Spain","Italy",1
1686,2015,"Spain","Latvia",1
1687,2015,"Spain","Lithuania",1
1688,2015,"Spain","Slovenia",1
1689,2015,"United Kingdom","Germany",1
1690,2016,"Austria","Bulgaria",1
1691,2016,"Austria","Czech Republic",1
1692,2016,"Austria","Germany",1
1693,2016,"Austria","Ireland",1
1694,2016,"Austria","Romania",1
1695,2016,"Bulgaria","Ireland",1
1696,2016,"Bulgaria","Slovenia",1
1697,2016,"Commission","Austria",1
1698,2016,"Commission","Belgium",2
1699,2016,"Commission","Bulgaria",2
1700,2016,"Commission","Croatia",2
1701,2016,"Commission","Cyprus",1
1702,2016,"Commission","Czech Republic",5
1703,2016,"Commission","Denmark",2
1704,2016,"Commission","Finland",5
1705,2016,"Commission","France",7
1706,2016,"Commission","Germany",5
1707,2016,"Commission","Hungary",2
1708,2016,"Commission","Ireland",1
1709,2016,"Commission","Italy",4
1710,2016,"Commission","Latvia",2
1711,2016,"Commission","Malta",3
1712,2016,"Commission","Netherlands",3
1713,2016,"Commission","Portugal",1
1714,2016,"Commission","Slovakia",1
1715,2016,"Commission","Slovenia",3
1716,2016,"Commission","Spain",2
1717,2016,"Commission","Sweden",1
1718,2016,"Commission","United Kingdom",5
1719,2016,"Czech Republic","Ireland",1
1720,2016,"Czech Republic","Poland",1
1721,2016,"Czech Republic","Slovenia",1
1722,2016,"Denmark","Netherlands",1
1723,2016,"Finland","Germany",2
1724,2016,"France","Croatia",1
1725,2016,"France","Germany",1
1726,2016,"France","Ireland",1
1727,2016,"France","Italy",1
1728,2016,"France","Netherlands",1
1729,2016,"France","Portugal",1
1730,2016,"France","Romania",1
1731,2016,"Germany","Bulgaria",1
1732,2016,"Germany","Croatia",1
1733,2016,"Germany","France",1
1734,2016,"Germany","Hungary",2
1735,2016,"Germany","Ireland",1
1736,2016,"Germany","Italy",1
1737,2016,"Greece","Germany",1
1738,2016,"Greece","Slovenia",1
1739,2016,"Hungary","Germany",1
1740,2016,"Italy","Germany",1
1741,2016,"Italy","Ireland",1
1742,2016,"Italy","Poland",1
1743,2016,"Italy","Slovenia",1
1744,2016,"Malta","Germany",1
1745,2016,"Malta","Poland",1
1746,2016,"Malta","Slovakia",1
1747,2016,"Netherlands","Denmark",1
1748,2016,"Netherlands","Finland",1
1749,2016,"Netherlands","Germany",1
1750,2016,"Netherlands","Italy",1
1751,2016,"Poland","Austria",2
1752,2016,"Poland","Czech Republic",2
1753,2016,"Poland","Ireland",1
1754,2016,"Poland","Slovenia",1
1755,2016,"Portugal","Estonia",1
1756,2016,"Portugal","Ireland",1
1757,2016,"Portugal","Slovenia",1
1758,2016,"Romania","Ireland",1
1759,2016,"Romania","Slovenia",1
1760,2016,"Slovakia","Czech Republic",2
1761,2016,"Slovakia","Latvia",1
1762,2016,"Slovakia","Lithuania",1
1763,2016,"Slovakia","Netherlands",1
1764,2016,"Slovakia","Poland",1
1765,2016,"Slovakia","Slovenia",1
1766,2016,"Slovenia","Croatia",1
1767,2016,"Spain","Austria",1
1768,2016,"Spain","Czech Republic",1
1769,2016,"Spain","Finland",4
1770,2016,"Spain","France",1
1771,2016,"Spain","Germany",2
1772,2016,"Spain","Hungary",1
1773,2016,"Spain","Ireland",1
1774,2016,"Spain","Netherlands",1
1775,2016,"Spain","Slovenia",2
1776,2016,"Sweden","Italy",1
1777,2016,"United Kingdom","Germany",1
1778,2016,"United Kingdom","Netherlands",1
1779,2017,"Austria","Czech Republic",1
1780,2017,"Austria","France",1
1781,2017,"Austria","Hungary",1
1782,2017,"Austria","Poland",1
1783,2017,"Bulgaria","Netherlands",1
1784,2017,"Commission","Belgium",1
1785,2017,"Commission","Croatia",1
1786,2017,"Commission","Czech Republic",2
1787,2017,"Commission","Denmark",1
1788,2017,"Commission","Estonia",1
1789,2017,"Commission","Finland",1
1790,2017,"Commission","France",2
1791,2017,"Commission","Germany",2
1792,2017,"Commission","Greece",2
1793,2017,"Commission","Hungary",2
1794,2017,"Commission","Italy",5
1795,2017,"Commission","Latvia",2
1796,2017,"Commission","Malta",1
1797,2017,"Commission","Netherlands",1
1798,2017,"Commission","Romania",2
1799,2017,"Commission","Slovakia",1
1800,2017,"Commission","Spain",7
1801,2017,"Czech Republic","France",1
1802,2017,"France","Estonia",1
1803,2017,"France","Italy",1
1804,2017,"France","Poland",2
1805,2017,"France","Romania",1
1806,2017,"Germany","Estonia",1
1807,2017,"Germany","France",1
1808,2017,"Germany","Hungary",1
1809,2017,"Hungary","France",2
1810,2017,"Hungary","Netherlands",1
1811,2017,"Hungary","Poland",1
1812,2017,"Hungary","Romania",1
1813,2017,"Hungary","Slovakia",1
1814,2017,"Hungary","Sweden",1
1815,2017,"Italy","Denmark",1
1816,2017,"Italy","Estonia",1
1817,2017,"Italy","France",3
1818,2017,"Italy","Hungary",1
1819,2017,"Latvia","France",2
1820,2017,"Netherlands","Hungary",1
1821,2017,"Poland","France",3
1822,2017,"Poland","Hungary",1
1823,2017,"Poland","Sweden",1
1824,2017,"Portugal","Finland",1
1825,2017,"Slovakia","Romania",1
1826,2017,"Spain","France",3
1827,2017,"Spain","Italy",1
1828,2017,"Spain","Sweden",1
1829,2017,"United Kingdom","France",2
1830,2018,"Austria","Czech Republic",2
1831,2018,"Austria","Romania",1
1832,2018,"Austria","Slovakia",1
1833,2018,"Belgium","Bulgaria",1
1834,2018,"Bulgaria","Belgium",1
1835,2018,"Bulgaria","Ireland",1
1836,2018,"Bulgaria","Latvia",1
1837,2018,"Bulgaria","Slovenia",1
1838,2018,"Commission","Belgium",1
1839,2018,"Commission","Bulgaria",4
1840,2018,"Commission","Croatia",1
1841,2018,"Commission","Czech Republic",1
1842,2018,"Commission","Estonia",1
1843,2018,"Commission","Finland",2
1844,2018,"Commission","France",2
1845,2018,"Commission","Greece",10
1846,2018,"Commission","Hungary",1
1847,2018,"Commission","Italy",2
1848,2018,"Commission","Lithuania",2
1849,2018,"Commission","Malta",1
1850,2018,"Commission","Portugal",1
1851,2018,"Commission","Romania",1
1852,2018,"Commission","Slovakia",1
1853,2018,"Commission","Slovenia",2
1854,2018,"Commission","Spain",6
1855,2018,"Commission","Sweden",1
1856,2018,"Croatia","Belgium",1
1857,2018,"Czech Republic","Belgium",1
1858,2018,"Czech Republic","Bulgaria",1
1859,2018,"Czech Republic","France",2
1860,2018,"Czech Republic","Italy",1
1861,2018,"Czech Republic","Romania",1
1862,2018,"Estonia","Poland",1
1863,2018,"Finland","Sweden",1
1864,2018,"France","Bulgaria",1
1865,2018,"France","Poland",1
1866,2018,"Germany","Poland",1
1867,2018,"Greece","Belgium",2
1868,2018,"Hungary","Belgium",1
1869,2018,"Hungary","France",1
1870,2018,"Hungary","Romania",1
1871,2018,"Hungary","Slovakia",1
1872,2018,"Italy","Belgium",4
1873,2018,"Italy","Ireland",1
1874,2018,"Poland","Malta",1
1875,2018,"Portugal","Ireland",1
1876,2018,"Portugal","Spain",1
1877,2018,"Romania","Belgium",2
1878,2018,"Slovakia","Romania",1
1879,2019,"Austria","Czech Republic",1
1880,2019,"Austria","Romania",1
1881,2019,"Belgium","Germany",1
1882,2019,"Bulgaria","Estonia",1
1883,2019,"Bulgaria","Greece",1
1884,2019,"Commission","Austria",1
1885,2019,"Commission","Bulgaria",1
1886,2019,"Commission","Croatia",1
1887,2019,"Commission","Czech Republic",3
1888,2019,"Commission","Estonia",2
1889,2019,"Commission","France",1
1890,2019,"Commission","Germany",3
1891,2019,"Commission","Italy",5
1892,2019,"Commission","Latvia",1
1893,2019,"Commission","Lithuania",4
1894,2019,"Commission","Netherlands",2
1895,2019,"Commission","Poland",4
1896,2019,"Commission","Portugal",2
1897,2019,"Commission","Slovakia",1
1898,2019,"Commission","Spain",5
1899,2019,"Commission","Sweden",2
1900,2019,"Czech Republic","France",1
1901,2019,"Czech Republic","Netherlands",1
1902,2019,"Czech Republic","Romania",1
1903,2019,"France","Lithuania",1
1904,2019,"France","Netherlands",1
1905,2019,"Germany","Croatia",1
1906,2019,"Greece","Estonia",1
1907,2019,"Italy","Germany",1
1908,2019,"Malta","Germany",1
1909,2019,"Malta","Greece",1
1910,2019,"Netherlands","Romania",1
1911,2019,"Poland","Czech Republic",1
1912,2019,"Poland","Estonia",1
1913,2019,"Portugal","Estonia",1
1914,2019,"Portugal","Germany",1
1915,2019,"Portugal","Lithuania",1
1916,2019,"Portugal","Netherlands",1
1917,2019,"Portugal","United Kingdom",1
1918,2019,"Romania","Greece",1
1919,2019,"Slovakia","Netherlands",1
1920,2019,"Spain","Germany",1
1921,2019,"Spain","Romania",1
1922,2019,"Spain","Slovenia",1
1923,2019,"United Kingdom","Denmark",1
1924,2019,"United Kingdom","Germany",1
1925,2020,"Belgium","Italy",1
1926,2020,"Bulgaria","Denmark",1
1927,2020,"Commission","Bulgaria",1
1928,2020,"Commission","Denmark",1
1929,2020,"Commission","France",3
1930,2020,"Commission","Malta",1
1931,2020,"Commission","Spain",1
1932,2020,"Czech Republic","Denmark",1
1933,2020,"Czech Republic","France",1
1934,2020,"France","Italy",1
1935,2020,"Greece","Denmark",1
1936,2020,"Italy","Germany",1
1937,2020,"Italy","Netherlands",1
1938,2020,"Portugal","Denmark",1
1939,2020,"Romania","Denmark",1
