"key_ID","year","response_by","response_type","count"
1,1988,"Austria","comment",0
2,1988,"Austria","opinion",0
3,1988,"Belgium","comment",0
4,1988,"Belgium","opinion",0
5,1988,"Commission","comment",1
6,1988,"Commission","opinion",2
7,1988,"Denmark","comment",0
8,1988,"Denmark","opinion",0
9,1988,"European Free Trade Association","comment",0
10,1988,"European Free Trade Association","opinion",0
11,1988,"Finland","comment",0
12,1988,"Finland","opinion",0
13,1988,"France","comment",0
14,1988,"France","opinion",0
15,1988,"Germany","comment",0
16,1988,"Germany","opinion",0
17,1988,"Greece","comment",0
18,1988,"Greece","opinion",0
19,1988,"Iceland","comment",0
20,1988,"Iceland","opinion",0
21,1988,"Ireland","comment",0
22,1988,"Ireland","opinion",0
23,1988,"Italy","comment",0
24,1988,"Italy","opinion",0
25,1988,"Luxembourg","comment",0
26,1988,"Luxembourg","opinion",0
27,1988,"Netherlands","comment",0
28,1988,"Netherlands","opinion",0
29,1988,"Norway","comment",0
30,1988,"Norway","opinion",0
31,1988,"Portugal","comment",0
32,1988,"Portugal","opinion",0
33,1988,"Spain","comment",0
34,1988,"Spain","opinion",0
35,1988,"Sweden","comment",0
36,1988,"Sweden","opinion",0
37,1988,"Switzerland","comment",0
38,1988,"Switzerland","opinion",0
39,1988,"United Kingdom","comment",2
40,1988,"United Kingdom","opinion",0
41,1989,"Austria","comment",0
42,1989,"Austria","opinion",0
43,1989,"Belgium","comment",4
44,1989,"Belgium","opinion",5
45,1989,"Commission","comment",39
46,1989,"Commission","opinion",87
47,1989,"Denmark","comment",4
48,1989,"Denmark","opinion",2
49,1989,"European Free Trade Association","comment",0
50,1989,"European Free Trade Association","opinion",0
51,1989,"Finland","comment",0
52,1989,"Finland","opinion",0
53,1989,"France","comment",34
54,1989,"France","opinion",43
55,1989,"Germany","comment",13
56,1989,"Germany","opinion",15
57,1989,"Greece","comment",1
58,1989,"Greece","opinion",4
59,1989,"Iceland","comment",0
60,1989,"Iceland","opinion",0
61,1989,"Ireland","comment",0
62,1989,"Ireland","opinion",3
63,1989,"Italy","comment",10
64,1989,"Italy","opinion",9
65,1989,"Luxembourg","comment",0
66,1989,"Luxembourg","opinion",0
67,1989,"Netherlands","comment",5
68,1989,"Netherlands","opinion",5
69,1989,"Norway","comment",0
70,1989,"Norway","opinion",0
71,1989,"Portugal","comment",2
72,1989,"Portugal","opinion",0
73,1989,"Spain","comment",11
74,1989,"Spain","opinion",9
75,1989,"Sweden","comment",0
76,1989,"Sweden","opinion",0
77,1989,"Switzerland","comment",0
78,1989,"Switzerland","opinion",0
79,1989,"United Kingdom","comment",20
80,1989,"United Kingdom","opinion",19
81,1990,"Austria","comment",0
82,1990,"Austria","opinion",0
83,1990,"Belgium","comment",1
84,1990,"Belgium","opinion",6
85,1990,"Commission","comment",66
86,1990,"Commission","opinion",160
87,1990,"Denmark","comment",4
88,1990,"Denmark","opinion",1
89,1990,"European Free Trade Association","comment",2
90,1990,"European Free Trade Association","opinion",0
91,1990,"Finland","comment",0
92,1990,"Finland","opinion",0
93,1990,"France","comment",61
94,1990,"France","opinion",49
95,1990,"Germany","comment",41
96,1990,"Germany","opinion",12
97,1990,"Greece","comment",2
98,1990,"Greece","opinion",0
99,1990,"Iceland","comment",0
100,1990,"Iceland","opinion",0
101,1990,"Ireland","comment",3
102,1990,"Ireland","opinion",0
103,1990,"Italy","comment",5
104,1990,"Italy","opinion",6
105,1990,"Luxembourg","comment",0
106,1990,"Luxembourg","opinion",0
107,1990,"Netherlands","comment",14
108,1990,"Netherlands","opinion",3
109,1990,"Norway","comment",0
110,1990,"Norway","opinion",0
111,1990,"Portugal","comment",0
112,1990,"Portugal","opinion",0
113,1990,"Spain","comment",28
114,1990,"Spain","opinion",15
115,1990,"Sweden","comment",0
116,1990,"Sweden","opinion",0
117,1990,"Switzerland","comment",0
118,1990,"Switzerland","opinion",0
119,1990,"United Kingdom","comment",25
120,1990,"United Kingdom","opinion",11
121,1991,"Austria","comment",0
122,1991,"Austria","opinion",0
123,1991,"Belgium","comment",4
124,1991,"Belgium","opinion",2
125,1991,"Commission","comment",157
126,1991,"Commission","opinion",100
127,1991,"Denmark","comment",2
128,1991,"Denmark","opinion",2
129,1991,"European Free Trade Association","comment",4
130,1991,"European Free Trade Association","opinion",0
131,1991,"Finland","comment",0
132,1991,"Finland","opinion",0
133,1991,"France","comment",38
134,1991,"France","opinion",55
135,1991,"Germany","comment",18
136,1991,"Germany","opinion",11
137,1991,"Greece","comment",3
138,1991,"Greece","opinion",2
139,1991,"Iceland","comment",0
140,1991,"Iceland","opinion",0
141,1991,"Ireland","comment",0
142,1991,"Ireland","opinion",2
143,1991,"Italy","comment",10
144,1991,"Italy","opinion",4
145,1991,"Liechtenstein","comment",0
146,1991,"Liechtenstein","opinion",0
147,1991,"Luxembourg","comment",0
148,1991,"Luxembourg","opinion",0
149,1991,"Netherlands","comment",1
150,1991,"Netherlands","opinion",0
151,1991,"Norway","comment",0
152,1991,"Norway","opinion",0
153,1991,"Portugal","comment",0
154,1991,"Portugal","opinion",2
155,1991,"Spain","comment",34
156,1991,"Spain","opinion",20
157,1991,"Sweden","comment",0
158,1991,"Sweden","opinion",0
159,1991,"Switzerland","comment",0
160,1991,"Switzerland","opinion",0
161,1991,"United Kingdom","comment",24
162,1991,"United Kingdom","opinion",13
163,1992,"Austria","comment",0
164,1992,"Austria","opinion",0
165,1992,"Belgium","comment",1
166,1992,"Belgium","opinion",1
167,1992,"Commission","comment",194
168,1992,"Commission","opinion",93
169,1992,"Denmark","comment",10
170,1992,"Denmark","opinion",7
171,1992,"European Free Trade Association","comment",10
172,1992,"European Free Trade Association","opinion",0
173,1992,"Finland","comment",0
174,1992,"Finland","opinion",0
175,1992,"France","comment",27
176,1992,"France","opinion",16
177,1992,"Germany","comment",25
178,1992,"Germany","opinion",8
179,1992,"Greece","comment",0
180,1992,"Greece","opinion",0
181,1992,"Iceland","comment",0
182,1992,"Iceland","opinion",0
183,1992,"Ireland","comment",1
184,1992,"Ireland","opinion",0
185,1992,"Italy","comment",4
186,1992,"Italy","opinion",0
187,1992,"Liechtenstein","comment",0
188,1992,"Liechtenstein","opinion",0
189,1992,"Luxembourg","comment",0
190,1992,"Luxembourg","opinion",0
191,1992,"Netherlands","comment",24
192,1992,"Netherlands","opinion",4
193,1992,"Norway","comment",0
194,1992,"Norway","opinion",0
195,1992,"Portugal","comment",0
196,1992,"Portugal","opinion",0
197,1992,"Spain","comment",43
198,1992,"Spain","opinion",10
199,1992,"Sweden","comment",0
200,1992,"Sweden","opinion",0
201,1992,"Switzerland","comment",0
202,1992,"Switzerland","opinion",0
203,1992,"United Kingdom","comment",32
204,1992,"United Kingdom","opinion",18
205,1993,"Austria","comment",3
206,1993,"Austria","opinion",0
207,1993,"Belgium","comment",5
208,1993,"Belgium","opinion",0
209,1993,"Commission","comment",160
210,1993,"Commission","opinion",137
211,1993,"Denmark","comment",5
212,1993,"Denmark","opinion",2
213,1993,"European Free Trade Association","comment",7
214,1993,"European Free Trade Association","opinion",0
215,1993,"Finland","comment",0
216,1993,"Finland","opinion",0
217,1993,"France","comment",31
218,1993,"France","opinion",25
219,1993,"Germany","comment",14
220,1993,"Germany","opinion",13
221,1993,"Greece","comment",2
222,1993,"Greece","opinion",4
223,1993,"Iceland","comment",0
224,1993,"Iceland","opinion",0
225,1993,"Ireland","comment",0
226,1993,"Ireland","opinion",3
227,1993,"Italy","comment",6
228,1993,"Italy","opinion",0
229,1993,"Liechtenstein","comment",0
230,1993,"Liechtenstein","opinion",0
231,1993,"Luxembourg","comment",0
232,1993,"Luxembourg","opinion",0
233,1993,"Netherlands","comment",13
234,1993,"Netherlands","opinion",16
235,1993,"Norway","comment",0
236,1993,"Norway","opinion",0
237,1993,"Portugal","comment",1
238,1993,"Portugal","opinion",0
239,1993,"Spain","comment",35
240,1993,"Spain","opinion",5
241,1993,"Sweden","comment",0
242,1993,"Sweden","opinion",0
243,1993,"Switzerland","comment",0
244,1993,"Switzerland","opinion",0
245,1993,"United Kingdom","comment",22
246,1993,"United Kingdom","opinion",13
247,1994,"Austria","comment",3
248,1994,"Austria","opinion",0
249,1994,"Belgium","comment",0
250,1994,"Belgium","opinion",3
251,1994,"Commission","comment",229
252,1994,"Commission","opinion",108
253,1994,"Denmark","comment",5
254,1994,"Denmark","opinion",2
255,1994,"European Free Trade Association","comment",6
256,1994,"European Free Trade Association","opinion",0
257,1994,"Finland","comment",1
258,1994,"Finland","opinion",0
259,1994,"France","comment",21
260,1994,"France","opinion",30
261,1994,"Germany","comment",14
262,1994,"Germany","opinion",22
263,1994,"Greece","comment",0
264,1994,"Greece","opinion",1
265,1994,"Iceland","comment",0
266,1994,"Iceland","opinion",0
267,1994,"Ireland","comment",0
268,1994,"Ireland","opinion",0
269,1994,"Italy","comment",9
270,1994,"Italy","opinion",1
271,1994,"Liechtenstein","comment",0
272,1994,"Liechtenstein","opinion",0
273,1994,"Luxembourg","comment",0
274,1994,"Luxembourg","opinion",0
275,1994,"Netherlands","comment",12
276,1994,"Netherlands","opinion",5
277,1994,"Norway","comment",0
278,1994,"Norway","opinion",0
279,1994,"Portugal","comment",2
280,1994,"Portugal","opinion",0
281,1994,"Spain","comment",36
282,1994,"Spain","opinion",6
283,1994,"Sweden","comment",1
284,1994,"Sweden","opinion",0
285,1994,"Switzerland","comment",0
286,1994,"Switzerland","opinion",0
287,1994,"United Kingdom","comment",50
288,1994,"United Kingdom","opinion",16
289,1995,"Austria","comment",24
290,1995,"Austria","opinion",6
291,1995,"Belgium","comment",0
292,1995,"Belgium","opinion",2
293,1995,"Commission","comment",121
294,1995,"Commission","opinion",72
295,1995,"Denmark","comment",3
296,1995,"Denmark","opinion",1
297,1995,"European Free Trade Association","comment",4
298,1995,"European Free Trade Association","opinion",0
299,1995,"Finland","comment",2
300,1995,"Finland","opinion",1
301,1995,"France","comment",32
302,1995,"France","opinion",19
303,1995,"Germany","comment",14
304,1995,"Germany","opinion",20
305,1995,"Greece","comment",0
306,1995,"Greece","opinion",1
307,1995,"Iceland","comment",0
308,1995,"Iceland","opinion",0
309,1995,"Ireland","comment",0
310,1995,"Ireland","opinion",0
311,1995,"Italy","comment",47
312,1995,"Italy","opinion",4
313,1995,"Liechtenstein","comment",0
314,1995,"Liechtenstein","opinion",0
315,1995,"Luxembourg","comment",0
316,1995,"Luxembourg","opinion",0
317,1995,"Netherlands","comment",11
318,1995,"Netherlands","opinion",7
319,1995,"Norway","comment",0
320,1995,"Norway","opinion",0
321,1995,"Portugal","comment",2
322,1995,"Portugal","opinion",0
323,1995,"Spain","comment",18
324,1995,"Spain","opinion",4
325,1995,"Sweden","comment",1
326,1995,"Sweden","opinion",1
327,1995,"Switzerland","comment",0
328,1995,"Switzerland","opinion",0
329,1995,"Turkey","comment",0
330,1995,"Turkey","opinion",0
331,1995,"United Kingdom","comment",21
332,1995,"United Kingdom","opinion",14
333,1996,"Austria","comment",11
334,1996,"Austria","opinion",9
335,1996,"Belgium","comment",1
336,1996,"Belgium","opinion",7
337,1996,"Commission","comment",204
338,1996,"Commission","opinion",105
339,1996,"Denmark","comment",3
340,1996,"Denmark","opinion",1
341,1996,"European Free Trade Association","comment",4
342,1996,"European Free Trade Association","opinion",0
343,1996,"Finland","comment",6
344,1996,"Finland","opinion",4
345,1996,"France","comment",38
346,1996,"France","opinion",30
347,1996,"Germany","comment",13
348,1996,"Germany","opinion",31
349,1996,"Greece","comment",0
350,1996,"Greece","opinion",0
351,1996,"Iceland","comment",0
352,1996,"Iceland","opinion",0
353,1996,"Ireland","comment",0
354,1996,"Ireland","opinion",1
355,1996,"Italy","comment",29
356,1996,"Italy","opinion",18
357,1996,"Liechtenstein","comment",0
358,1996,"Liechtenstein","opinion",0
359,1996,"Luxembourg","comment",0
360,1996,"Luxembourg","opinion",0
361,1996,"Netherlands","comment",19
362,1996,"Netherlands","opinion",6
363,1996,"Norway","comment",0
364,1996,"Norway","opinion",0
365,1996,"Portugal","comment",3
366,1996,"Portugal","opinion",3
367,1996,"Spain","comment",54
368,1996,"Spain","opinion",14
369,1996,"Sweden","comment",11
370,1996,"Sweden","opinion",0
371,1996,"Switzerland","comment",0
372,1996,"Switzerland","opinion",0
373,1996,"Turkey","comment",0
374,1996,"Turkey","opinion",0
375,1996,"United Kingdom","comment",30
376,1996,"United Kingdom","opinion",30
377,1997,"Austria","comment",19
378,1997,"Austria","opinion",8
379,1997,"Belgium","comment",4
380,1997,"Belgium","opinion",6
381,1997,"Commission","comment",245
382,1997,"Commission","opinion",112
383,1997,"Denmark","comment",3
384,1997,"Denmark","opinion",1
385,1997,"European Free Trade Association","comment",3
386,1997,"European Free Trade Association","opinion",0
387,1997,"Finland","comment",3
388,1997,"Finland","opinion",1
389,1997,"France","comment",32
390,1997,"France","opinion",21
391,1997,"Germany","comment",37
392,1997,"Germany","opinion",32
393,1997,"Greece","comment",0
394,1997,"Greece","opinion",1
395,1997,"Iceland","comment",0
396,1997,"Iceland","opinion",0
397,1997,"Ireland","comment",1
398,1997,"Ireland","opinion",2
399,1997,"Italy","comment",50
400,1997,"Italy","opinion",2
401,1997,"Liechtenstein","comment",0
402,1997,"Liechtenstein","opinion",0
403,1997,"Luxembourg","comment",0
404,1997,"Luxembourg","opinion",0
405,1997,"Netherlands","comment",28
406,1997,"Netherlands","opinion",9
407,1997,"Norway","comment",0
408,1997,"Norway","opinion",0
409,1997,"Portugal","comment",4
410,1997,"Portugal","opinion",1
411,1997,"Spain","comment",48
412,1997,"Spain","opinion",14
413,1997,"Sweden","comment",5
414,1997,"Sweden","opinion",2
415,1997,"Switzerland","comment",0
416,1997,"Switzerland","opinion",0
417,1997,"Turkey","comment",0
418,1997,"Turkey","opinion",0
419,1997,"United Kingdom","comment",39
420,1997,"United Kingdom","opinion",13
421,1998,"Austria","comment",19
422,1998,"Austria","opinion",5
423,1998,"Belgium","comment",2
424,1998,"Belgium","opinion",6
425,1998,"Commission","comment",171
426,1998,"Commission","opinion",63
427,1998,"Denmark","comment",7
428,1998,"Denmark","opinion",3
429,1998,"European Free Trade Association","comment",1
430,1998,"European Free Trade Association","opinion",0
431,1998,"Finland","comment",6
432,1998,"Finland","opinion",4
433,1998,"France","comment",33
434,1998,"France","opinion",14
435,1998,"Germany","comment",16
436,1998,"Germany","opinion",26
437,1998,"Greece","comment",1
438,1998,"Greece","opinion",0
439,1998,"Iceland","comment",0
440,1998,"Iceland","opinion",0
441,1998,"Ireland","comment",1
442,1998,"Ireland","opinion",2
443,1998,"Italy","comment",66
444,1998,"Italy","opinion",7
445,1998,"Liechtenstein","comment",0
446,1998,"Liechtenstein","opinion",0
447,1998,"Luxembourg","comment",0
448,1998,"Luxembourg","opinion",0
449,1998,"Netherlands","comment",14
450,1998,"Netherlands","opinion",11
451,1998,"Norway","comment",0
452,1998,"Norway","opinion",0
453,1998,"Portugal","comment",4
454,1998,"Portugal","opinion",5
455,1998,"Spain","comment",36
456,1998,"Spain","opinion",12
457,1998,"Sweden","comment",11
458,1998,"Sweden","opinion",2
459,1998,"Switzerland","comment",0
460,1998,"Switzerland","opinion",0
461,1998,"Turkey","comment",0
462,1998,"Turkey","opinion",0
463,1998,"United Kingdom","comment",20
464,1998,"United Kingdom","opinion",13
465,1999,"Austria","comment",13
466,1999,"Austria","opinion",4
467,1999,"Belgium","comment",3
468,1999,"Belgium","opinion",2
469,1999,"Commission","comment",169
470,1999,"Commission","opinion",43
471,1999,"Denmark","comment",6
472,1999,"Denmark","opinion",2
473,1999,"European Free Trade Association","comment",2
474,1999,"European Free Trade Association","opinion",0
475,1999,"Finland","comment",6
476,1999,"Finland","opinion",2
477,1999,"France","comment",13
478,1999,"France","opinion",15
479,1999,"Germany","comment",36
480,1999,"Germany","opinion",25
481,1999,"Greece","comment",1
482,1999,"Greece","opinion",0
483,1999,"Iceland","comment",0
484,1999,"Iceland","opinion",0
485,1999,"Ireland","comment",2
486,1999,"Ireland","opinion",2
487,1999,"Italy","comment",83
488,1999,"Italy","opinion",1
489,1999,"Liechtenstein","comment",0
490,1999,"Liechtenstein","opinion",0
491,1999,"Luxembourg","comment",0
492,1999,"Luxembourg","opinion",0
493,1999,"Netherlands","comment",13
494,1999,"Netherlands","opinion",9
495,1999,"Norway","comment",0
496,1999,"Norway","opinion",0
497,1999,"Portugal","comment",3
498,1999,"Portugal","opinion",3
499,1999,"Spain","comment",28
500,1999,"Spain","opinion",15
501,1999,"Sweden","comment",8
502,1999,"Sweden","opinion",2
503,1999,"Switzerland","comment",0
504,1999,"Switzerland","opinion",0
505,1999,"Turkey","comment",0
506,1999,"Turkey","opinion",0
507,1999,"United Kingdom","comment",23
508,1999,"United Kingdom","opinion",8
509,2000,"Austria","comment",11
510,2000,"Austria","opinion",4
511,2000,"Belgium","comment",2
512,2000,"Belgium","opinion",1
513,2000,"Commission","comment",255
514,2000,"Commission","opinion",50
515,2000,"Denmark","comment",5
516,2000,"Denmark","opinion",1
517,2000,"European Free Trade Association","comment",0
518,2000,"European Free Trade Association","opinion",0
519,2000,"Finland","comment",2
520,2000,"Finland","opinion",2
521,2000,"France","comment",21
522,2000,"France","opinion",11
523,2000,"Germany","comment",39
524,2000,"Germany","opinion",27
525,2000,"Greece","comment",0
526,2000,"Greece","opinion",0
527,2000,"Iceland","comment",0
528,2000,"Iceland","opinion",0
529,2000,"Ireland","comment",0
530,2000,"Ireland","opinion",10
531,2000,"Italy","comment",60
532,2000,"Italy","opinion",4
533,2000,"Liechtenstein","comment",0
534,2000,"Liechtenstein","opinion",0
535,2000,"Luxembourg","comment",0
536,2000,"Luxembourg","opinion",0
537,2000,"Netherlands","comment",16
538,2000,"Netherlands","opinion",7
539,2000,"Norway","comment",0
540,2000,"Norway","opinion",0
541,2000,"Portugal","comment",1
542,2000,"Portugal","opinion",1
543,2000,"Spain","comment",26
544,2000,"Spain","opinion",13
545,2000,"Sweden","comment",6
546,2000,"Sweden","opinion",1
547,2000,"Switzerland","comment",0
548,2000,"Switzerland","opinion",0
549,2000,"Turkey","comment",0
550,2000,"Turkey","opinion",0
551,2000,"United Kingdom","comment",19
552,2000,"United Kingdom","opinion",12
553,2001,"Austria","comment",11
554,2001,"Austria","opinion",5
555,2001,"Belgium","comment",2
556,2001,"Belgium","opinion",2
557,2001,"Commission","comment",150
558,2001,"Commission","opinion",60
559,2001,"Denmark","comment",7
560,2001,"Denmark","opinion",0
561,2001,"European Free Trade Association","comment",2
562,2001,"European Free Trade Association","opinion",0
563,2001,"Finland","comment",5
564,2001,"Finland","opinion",5
565,2001,"France","comment",19
566,2001,"France","opinion",15
567,2001,"Germany","comment",23
568,2001,"Germany","opinion",23
569,2001,"Greece","comment",0
570,2001,"Greece","opinion",1
571,2001,"Iceland","comment",0
572,2001,"Iceland","opinion",0
573,2001,"Ireland","comment",0
574,2001,"Ireland","opinion",0
575,2001,"Italy","comment",32
576,2001,"Italy","opinion",6
577,2001,"Liechtenstein","comment",0
578,2001,"Liechtenstein","opinion",0
579,2001,"Luxembourg","comment",0
580,2001,"Luxembourg","opinion",3
581,2001,"Netherlands","comment",15
582,2001,"Netherlands","opinion",8
583,2001,"Norway","comment",0
584,2001,"Norway","opinion",0
585,2001,"Portugal","comment",5
586,2001,"Portugal","opinion",2
587,2001,"Spain","comment",10
588,2001,"Spain","opinion",8
589,2001,"Sweden","comment",9
590,2001,"Sweden","opinion",2
591,2001,"Switzerland","comment",0
592,2001,"Switzerland","opinion",0
593,2001,"Turkey","comment",0
594,2001,"Turkey","opinion",0
595,2001,"United Kingdom","comment",10
596,2001,"United Kingdom","opinion",8
597,2002,"Austria","comment",10
598,2002,"Austria","opinion",7
599,2002,"Belgium","comment",3
600,2002,"Belgium","opinion",6
601,2002,"Commission","comment",155
602,2002,"Commission","opinion",70
603,2002,"Denmark","comment",3
604,2002,"Denmark","opinion",2
605,2002,"European Free Trade Association","comment",0
606,2002,"European Free Trade Association","opinion",0
607,2002,"Finland","comment",6
608,2002,"Finland","opinion",3
609,2002,"France","comment",14
610,2002,"France","opinion",14
611,2002,"Germany","comment",27
612,2002,"Germany","opinion",21
613,2002,"Greece","comment",0
614,2002,"Greece","opinion",0
615,2002,"Iceland","comment",0
616,2002,"Iceland","opinion",0
617,2002,"Ireland","comment",1
618,2002,"Ireland","opinion",1
619,2002,"Italy","comment",68
620,2002,"Italy","opinion",5
621,2002,"Liechtenstein","comment",0
622,2002,"Liechtenstein","opinion",0
623,2002,"Luxembourg","comment",0
624,2002,"Luxembourg","opinion",1
625,2002,"Netherlands","comment",8
626,2002,"Netherlands","opinion",13
627,2002,"Norway","comment",0
628,2002,"Norway","opinion",0
629,2002,"Portugal","comment",1
630,2002,"Portugal","opinion",4
631,2002,"Spain","comment",25
632,2002,"Spain","opinion",16
633,2002,"Sweden","comment",11
634,2002,"Sweden","opinion",2
635,2002,"Switzerland","comment",0
636,2002,"Switzerland","opinion",0
637,2002,"Turkey","comment",0
638,2002,"Turkey","opinion",0
639,2002,"United Kingdom","comment",14
640,2002,"United Kingdom","opinion",16
641,2003,"Austria","comment",13
642,2003,"Austria","opinion",3
643,2003,"Belgium","comment",1
644,2003,"Belgium","opinion",4
645,2003,"Commission","comment",184
646,2003,"Commission","opinion",80
647,2003,"Denmark","comment",3
648,2003,"Denmark","opinion",0
649,2003,"European Free Trade Association","comment",0
650,2003,"European Free Trade Association","opinion",0
651,2003,"Finland","comment",3
652,2003,"Finland","opinion",0
653,2003,"France","comment",28
654,2003,"France","opinion",14
655,2003,"Germany","comment",25
656,2003,"Germany","opinion",7
657,2003,"Greece","comment",0
658,2003,"Greece","opinion",0
659,2003,"Iceland","comment",0
660,2003,"Iceland","opinion",0
661,2003,"Ireland","comment",1
662,2003,"Ireland","opinion",0
663,2003,"Italy","comment",35
664,2003,"Italy","opinion",3
665,2003,"Liechtenstein","comment",0
666,2003,"Liechtenstein","opinion",0
667,2003,"Luxembourg","comment",0
668,2003,"Luxembourg","opinion",1
669,2003,"Netherlands","comment",3
670,2003,"Netherlands","opinion",7
671,2003,"Norway","comment",0
672,2003,"Norway","opinion",0
673,2003,"Portugal","comment",1
674,2003,"Portugal","opinion",1
675,2003,"Spain","comment",27
676,2003,"Spain","opinion",13
677,2003,"Sweden","comment",1
678,2003,"Sweden","opinion",0
679,2003,"Switzerland","comment",0
680,2003,"Switzerland","opinion",0
681,2003,"Turkey","comment",0
682,2003,"Turkey","opinion",0
683,2003,"United Kingdom","comment",15
684,2003,"United Kingdom","opinion",5
685,2004,"Austria","comment",7
686,2004,"Austria","opinion",4
687,2004,"Belgium","comment",0
688,2004,"Belgium","opinion",5
689,2004,"Commission","comment",256
690,2004,"Commission","opinion",66
691,2004,"Cyprus","comment",0
692,2004,"Cyprus","opinion",0
693,2004,"Czech Republic","comment",2
694,2004,"Czech Republic","opinion",0
695,2004,"Denmark","comment",1
696,2004,"Denmark","opinion",4
697,2004,"Estonia","comment",0
698,2004,"Estonia","opinion",0
699,2004,"European Free Trade Association","comment",0
700,2004,"European Free Trade Association","opinion",0
701,2004,"Finland","comment",7
702,2004,"Finland","opinion",1
703,2004,"France","comment",22
704,2004,"France","opinion",6
705,2004,"Germany","comment",21
706,2004,"Germany","opinion",10
707,2004,"Greece","comment",0
708,2004,"Greece","opinion",0
709,2004,"Hungary","comment",2
710,2004,"Hungary","opinion",1
711,2004,"Iceland","comment",0
712,2004,"Iceland","opinion",0
713,2004,"Ireland","comment",0
714,2004,"Ireland","opinion",1
715,2004,"Italy","comment",38
716,2004,"Italy","opinion",9
717,2004,"Latvia","comment",9
718,2004,"Latvia","opinion",0
719,2004,"Liechtenstein","comment",0
720,2004,"Liechtenstein","opinion",0
721,2004,"Lithuania","comment",0
722,2004,"Lithuania","opinion",0
723,2004,"Luxembourg","comment",0
724,2004,"Luxembourg","opinion",1
725,2004,"Malta","comment",0
726,2004,"Malta","opinion",0
727,2004,"Netherlands","comment",5
728,2004,"Netherlands","opinion",3
729,2004,"Norway","comment",0
730,2004,"Norway","opinion",0
731,2004,"Poland","comment",2
732,2004,"Poland","opinion",0
733,2004,"Portugal","comment",0
734,2004,"Portugal","opinion",0
735,2004,"Slovakia","comment",1
736,2004,"Slovakia","opinion",2
737,2004,"Slovenia","comment",3
738,2004,"Slovenia","opinion",3
739,2004,"Spain","comment",28
740,2004,"Spain","opinion",7
741,2004,"Sweden","comment",6
742,2004,"Sweden","opinion",1
743,2004,"Switzerland","comment",0
744,2004,"Switzerland","opinion",0
745,2004,"Turkey","comment",0
746,2004,"Turkey","opinion",0
747,2004,"United Kingdom","comment",22
748,2004,"United Kingdom","opinion",3
749,2005,"Austria","comment",15
750,2005,"Austria","opinion",2
751,2005,"Belgium","comment",0
752,2005,"Belgium","opinion",6
753,2005,"Commission","comment",293
754,2005,"Commission","opinion",77
755,2005,"Cyprus","comment",1
756,2005,"Cyprus","opinion",0
757,2005,"Czech Republic","comment",8
758,2005,"Czech Republic","opinion",2
759,2005,"Denmark","comment",0
760,2005,"Denmark","opinion",3
761,2005,"Estonia","comment",1
762,2005,"Estonia","opinion",0
763,2005,"European Free Trade Association","comment",0
764,2005,"European Free Trade Association","opinion",0
765,2005,"Finland","comment",2
766,2005,"Finland","opinion",0
767,2005,"France","comment",24
768,2005,"France","opinion",10
769,2005,"Germany","comment",56
770,2005,"Germany","opinion",6
771,2005,"Greece","comment",0
772,2005,"Greece","opinion",0
773,2005,"Hungary","comment",6
774,2005,"Hungary","opinion",0
775,2005,"Iceland","comment",0
776,2005,"Iceland","opinion",0
777,2005,"Ireland","comment",0
778,2005,"Ireland","opinion",1
779,2005,"Italy","comment",29
780,2005,"Italy","opinion",1
781,2005,"Latvia","comment",4
782,2005,"Latvia","opinion",0
783,2005,"Liechtenstein","comment",0
784,2005,"Liechtenstein","opinion",0
785,2005,"Lithuania","comment",1
786,2005,"Lithuania","opinion",0
787,2005,"Luxembourg","comment",0
788,2005,"Luxembourg","opinion",1
789,2005,"Malta","comment",0
790,2005,"Malta","opinion",0
791,2005,"Netherlands","comment",11
792,2005,"Netherlands","opinion",3
793,2005,"Norway","comment",0
794,2005,"Norway","opinion",0
795,2005,"Poland","comment",8
796,2005,"Poland","opinion",0
797,2005,"Portugal","comment",2
798,2005,"Portugal","opinion",0
799,2005,"Slovakia","comment",4
800,2005,"Slovakia","opinion",0
801,2005,"Slovenia","comment",10
802,2005,"Slovenia","opinion",1
803,2005,"Spain","comment",19
804,2005,"Spain","opinion",5
805,2005,"Sweden","comment",5
806,2005,"Sweden","opinion",0
807,2005,"Switzerland","comment",0
808,2005,"Switzerland","opinion",0
809,2005,"Turkey","comment",0
810,2005,"Turkey","opinion",0
811,2005,"United Kingdom","comment",16
812,2005,"United Kingdom","opinion",4
813,2006,"Austria","comment",13
814,2006,"Austria","opinion",8
815,2006,"Belgium","comment",3
816,2006,"Belgium","opinion",2
817,2006,"Commission","comment",163
818,2006,"Commission","opinion",61
819,2006,"Cyprus","comment",0
820,2006,"Cyprus","opinion",0
821,2006,"Czech Republic","comment",12
822,2006,"Czech Republic","opinion",0
823,2006,"Denmark","comment",0
824,2006,"Denmark","opinion",2
825,2006,"Estonia","comment",1
826,2006,"Estonia","opinion",1
827,2006,"European Free Trade Association","comment",0
828,2006,"European Free Trade Association","opinion",0
829,2006,"Finland","comment",2
830,2006,"Finland","opinion",0
831,2006,"France","comment",12
832,2006,"France","opinion",2
833,2006,"Germany","comment",30
834,2006,"Germany","opinion",8
835,2006,"Greece","comment",0
836,2006,"Greece","opinion",0
837,2006,"Hungary","comment",11
838,2006,"Hungary","opinion",2
839,2006,"Iceland","comment",0
840,2006,"Iceland","opinion",0
841,2006,"Ireland","comment",0
842,2006,"Ireland","opinion",0
843,2006,"Italy","comment",20
844,2006,"Italy","opinion",6
845,2006,"Latvia","comment",4
846,2006,"Latvia","opinion",0
847,2006,"Liechtenstein","comment",0
848,2006,"Liechtenstein","opinion",0
849,2006,"Lithuania","comment",0
850,2006,"Lithuania","opinion",0
851,2006,"Luxembourg","comment",0
852,2006,"Luxembourg","opinion",1
853,2006,"Malta","comment",0
854,2006,"Malta","opinion",1
855,2006,"Netherlands","comment",8
856,2006,"Netherlands","opinion",2
857,2006,"Norway","comment",0
858,2006,"Norway","opinion",0
859,2006,"Poland","comment",10
860,2006,"Poland","opinion",2
861,2006,"Portugal","comment",2
862,2006,"Portugal","opinion",1
863,2006,"Slovakia","comment",3
864,2006,"Slovakia","opinion",2
865,2006,"Slovenia","comment",6
866,2006,"Slovenia","opinion",0
867,2006,"Spain","comment",17
868,2006,"Spain","opinion",6
869,2006,"Sweden","comment",4
870,2006,"Sweden","opinion",0
871,2006,"Switzerland","comment",0
872,2006,"Switzerland","opinion",0
873,2006,"Turkey","comment",0
874,2006,"Turkey","opinion",0
875,2006,"United Kingdom","comment",12
876,2006,"United Kingdom","opinion",6
877,2007,"Austria","comment",13
878,2007,"Austria","opinion",4
879,2007,"Belgium","comment",1
880,2007,"Belgium","opinion",0
881,2007,"Bulgaria","comment",0
882,2007,"Bulgaria","opinion",0
883,2007,"Commission","comment",146
884,2007,"Commission","opinion",66
885,2007,"Cyprus","comment",0
886,2007,"Cyprus","opinion",0
887,2007,"Czech Republic","comment",8
888,2007,"Czech Republic","opinion",0
889,2007,"Denmark","comment",0
890,2007,"Denmark","opinion",1
891,2007,"Estonia","comment",0
892,2007,"Estonia","opinion",0
893,2007,"European Free Trade Association","comment",0
894,2007,"European Free Trade Association","opinion",0
895,2007,"Finland","comment",5
896,2007,"Finland","opinion",0
897,2007,"France","comment",12
898,2007,"France","opinion",8
899,2007,"Germany","comment",41
900,2007,"Germany","opinion",6
901,2007,"Greece","comment",1
902,2007,"Greece","opinion",0
903,2007,"Hungary","comment",4
904,2007,"Hungary","opinion",0
905,2007,"Iceland","comment",0
906,2007,"Iceland","opinion",0
907,2007,"Ireland","comment",1
908,2007,"Ireland","opinion",1
909,2007,"Italy","comment",22
910,2007,"Italy","opinion",5
911,2007,"Latvia","comment",7
912,2007,"Latvia","opinion",0
913,2007,"Liechtenstein","comment",0
914,2007,"Liechtenstein","opinion",0
915,2007,"Lithuania","comment",0
916,2007,"Lithuania","opinion",0
917,2007,"Luxembourg","comment",0
918,2007,"Luxembourg","opinion",1
919,2007,"Malta","comment",0
920,2007,"Malta","opinion",3
921,2007,"Netherlands","comment",9
922,2007,"Netherlands","opinion",3
923,2007,"Norway","comment",0
924,2007,"Norway","opinion",0
925,2007,"Poland","comment",5
926,2007,"Poland","opinion",0
927,2007,"Portugal","comment",0
928,2007,"Portugal","opinion",1
929,2007,"Romania","comment",1
930,2007,"Romania","opinion",0
931,2007,"Slovakia","comment",0
932,2007,"Slovakia","opinion",0
933,2007,"Slovenia","comment",5
934,2007,"Slovenia","opinion",0
935,2007,"Spain","comment",19
936,2007,"Spain","opinion",2
937,2007,"Sweden","comment",1
938,2007,"Sweden","opinion",0
939,2007,"Switzerland","comment",0
940,2007,"Switzerland","opinion",0
941,2007,"Turkey","comment",0
942,2007,"Turkey","opinion",0
943,2007,"United Kingdom","comment",10
944,2007,"United Kingdom","opinion",4
945,2008,"Austria","comment",13
946,2008,"Austria","opinion",5
947,2008,"Belgium","comment",0
948,2008,"Belgium","opinion",6
949,2008,"Bulgaria","comment",0
950,2008,"Bulgaria","opinion",0
951,2008,"Commission","comment",138
952,2008,"Commission","opinion",52
953,2008,"Cyprus","comment",0
954,2008,"Cyprus","opinion",0
955,2008,"Czech Republic","comment",5
956,2008,"Czech Republic","opinion",0
957,2008,"Denmark","comment",0
958,2008,"Denmark","opinion",2
959,2008,"Estonia","comment",0
960,2008,"Estonia","opinion",1
961,2008,"European Free Trade Association","comment",0
962,2008,"European Free Trade Association","opinion",0
963,2008,"Finland","comment",1
964,2008,"Finland","opinion",8
965,2008,"France","comment",16
966,2008,"France","opinion",12
967,2008,"Germany","comment",27
968,2008,"Germany","opinion",2
969,2008,"Greece","comment",2
970,2008,"Greece","opinion",1
971,2008,"Hungary","comment",6
972,2008,"Hungary","opinion",0
973,2008,"Iceland","comment",0
974,2008,"Iceland","opinion",0
975,2008,"Ireland","comment",1
976,2008,"Ireland","opinion",1
977,2008,"Italy","comment",6
978,2008,"Italy","opinion",2
979,2008,"Latvia","comment",3
980,2008,"Latvia","opinion",0
981,2008,"Liechtenstein","comment",0
982,2008,"Liechtenstein","opinion",0
983,2008,"Lithuania","comment",0
984,2008,"Lithuania","opinion",0
985,2008,"Luxembourg","comment",0
986,2008,"Luxembourg","opinion",0
987,2008,"Malta","comment",3
988,2008,"Malta","opinion",2
989,2008,"Netherlands","comment",3
990,2008,"Netherlands","opinion",2
991,2008,"Norway","comment",0
992,2008,"Norway","opinion",0
993,2008,"Poland","comment",4
994,2008,"Poland","opinion",1
995,2008,"Portugal","comment",1
996,2008,"Portugal","opinion",0
997,2008,"Romania","comment",2
998,2008,"Romania","opinion",1
999,2008,"Slovakia","comment",2
1000,2008,"Slovakia","opinion",0
1001,2008,"Slovenia","comment",7
1002,2008,"Slovenia","opinion",0
1003,2008,"Spain","comment",18
1004,2008,"Spain","opinion",3
1005,2008,"Sweden","comment",4
1006,2008,"Sweden","opinion",0
1007,2008,"Switzerland","comment",0
1008,2008,"Switzerland","opinion",0
1009,2008,"Turkey","comment",0
1010,2008,"Turkey","opinion",0
1011,2008,"United Kingdom","comment",9
1012,2008,"United Kingdom","opinion",2
1013,2009,"Austria","comment",13
1014,2009,"Austria","opinion",4
1015,2009,"Belgium","comment",4
1016,2009,"Belgium","opinion",3
1017,2009,"Bulgaria","comment",0
1018,2009,"Bulgaria","opinion",0
1019,2009,"Commission","comment",164
1020,2009,"Commission","opinion",55
1021,2009,"Cyprus","comment",0
1022,2009,"Cyprus","opinion",0
1023,2009,"Czech Republic","comment",8
1024,2009,"Czech Republic","opinion",3
1025,2009,"Denmark","comment",0
1026,2009,"Denmark","opinion",2
1027,2009,"Estonia","comment",0
1028,2009,"Estonia","opinion",0
1029,2009,"European Free Trade Association","comment",0
1030,2009,"European Free Trade Association","opinion",0
1031,2009,"Finland","comment",4
1032,2009,"Finland","opinion",2
1033,2009,"France","comment",18
1034,2009,"France","opinion",10
1035,2009,"Germany","comment",27
1036,2009,"Germany","opinion",6
1037,2009,"Greece","comment",1
1038,2009,"Greece","opinion",1
1039,2009,"Hungary","comment",7
1040,2009,"Hungary","opinion",5
1041,2009,"Iceland","comment",0
1042,2009,"Iceland","opinion",0
1043,2009,"Ireland","comment",2
1044,2009,"Ireland","opinion",3
1045,2009,"Italy","comment",17
1046,2009,"Italy","opinion",6
1047,2009,"Latvia","comment",5
1048,2009,"Latvia","opinion",0
1049,2009,"Liechtenstein","comment",0
1050,2009,"Liechtenstein","opinion",0
1051,2009,"Lithuania","comment",0
1052,2009,"Lithuania","opinion",0
1053,2009,"Luxembourg","comment",0
1054,2009,"Luxembourg","opinion",0
1055,2009,"Malta","comment",7
1056,2009,"Malta","opinion",2
1057,2009,"Netherlands","comment",3
1058,2009,"Netherlands","opinion",5
1059,2009,"Norway","comment",0
1060,2009,"Norway","opinion",0
1061,2009,"Poland","comment",9
1062,2009,"Poland","opinion",0
1063,2009,"Portugal","comment",2
1064,2009,"Portugal","opinion",2
1065,2009,"Romania","comment",5
1066,2009,"Romania","opinion",3
1067,2009,"Slovakia","comment",1
1068,2009,"Slovakia","opinion",3
1069,2009,"Slovenia","comment",9
1070,2009,"Slovenia","opinion",0
1071,2009,"Spain","comment",19
1072,2009,"Spain","opinion",7
1073,2009,"Sweden","comment",2
1074,2009,"Sweden","opinion",0
1075,2009,"Switzerland","comment",0
1076,2009,"Switzerland","opinion",0
1077,2009,"Turkey","comment",0
1078,2009,"Turkey","opinion",0
1079,2009,"United Kingdom","comment",14
1080,2009,"United Kingdom","opinion",4
1081,2010,"Austria","comment",9
1082,2010,"Austria","opinion",11
1083,2010,"Belgium","comment",2
1084,2010,"Belgium","opinion",3
1085,2010,"Bulgaria","comment",0
1086,2010,"Bulgaria","opinion",0
1087,2010,"Commission","comment",117
1088,2010,"Commission","opinion",47
1089,2010,"Cyprus","comment",0
1090,2010,"Cyprus","opinion",0
1091,2010,"Czech Republic","comment",7
1092,2010,"Czech Republic","opinion",1
1093,2010,"Denmark","comment",1
1094,2010,"Denmark","opinion",0
1095,2010,"Estonia","comment",0
1096,2010,"Estonia","opinion",0
1097,2010,"European Free Trade Association","comment",0
1098,2010,"European Free Trade Association","opinion",0
1099,2010,"Finland","comment",2
1100,2010,"Finland","opinion",0
1101,2010,"France","comment",24
1102,2010,"France","opinion",6
1103,2010,"Germany","comment",37
1104,2010,"Germany","opinion",2
1105,2010,"Greece","comment",1
1106,2010,"Greece","opinion",3
1107,2010,"Hungary","comment",5
1108,2010,"Hungary","opinion",1
1109,2010,"Iceland","comment",0
1110,2010,"Iceland","opinion",0
1111,2010,"Ireland","comment",1
1112,2010,"Ireland","opinion",0
1113,2010,"Italy","comment",13
1114,2010,"Italy","opinion",3
1115,2010,"Latvia","comment",0
1116,2010,"Latvia","opinion",0
1117,2010,"Liechtenstein","comment",0
1118,2010,"Liechtenstein","opinion",0
1119,2010,"Lithuania","comment",2
1120,2010,"Lithuania","opinion",0
1121,2010,"Luxembourg","comment",0
1122,2010,"Luxembourg","opinion",0
1123,2010,"Malta","comment",5
1124,2010,"Malta","opinion",9
1125,2010,"Netherlands","comment",7
1126,2010,"Netherlands","opinion",1
1127,2010,"Norway","comment",0
1128,2010,"Norway","opinion",0
1129,2010,"Poland","comment",3
1130,2010,"Poland","opinion",0
1131,2010,"Portugal","comment",1
1132,2010,"Portugal","opinion",5
1133,2010,"Romania","comment",7
1134,2010,"Romania","opinion",3
1135,2010,"Slovakia","comment",2
1136,2010,"Slovakia","opinion",1
1137,2010,"Slovenia","comment",3
1138,2010,"Slovenia","opinion",0
1139,2010,"Spain","comment",16
1140,2010,"Spain","opinion",3
1141,2010,"Sweden","comment",1
1142,2010,"Sweden","opinion",1
1143,2010,"Switzerland","comment",0
1144,2010,"Switzerland","opinion",0
1145,2010,"Turkey","comment",0
1146,2010,"Turkey","opinion",0
1147,2010,"United Kingdom","comment",18
1148,2010,"United Kingdom","opinion",0
1149,2011,"Austria","comment",5
1150,2011,"Austria","opinion",6
1151,2011,"Belgium","comment",1
1152,2011,"Belgium","opinion",0
1153,2011,"Bulgaria","comment",0
1154,2011,"Bulgaria","opinion",0
1155,2011,"Commission","comment",153
1156,2011,"Commission","opinion",59
1157,2011,"Cyprus","comment",0
1158,2011,"Cyprus","opinion",0
1159,2011,"Czech Republic","comment",18
1160,2011,"Czech Republic","opinion",3
1161,2011,"Denmark","comment",1
1162,2011,"Denmark","opinion",0
1163,2011,"Estonia","comment",0
1164,2011,"Estonia","opinion",0
1165,2011,"European Free Trade Association","comment",0
1166,2011,"European Free Trade Association","opinion",0
1167,2011,"Finland","comment",5
1168,2011,"Finland","opinion",0
1169,2011,"France","comment",11
1170,2011,"France","opinion",7
1171,2011,"Germany","comment",27
1172,2011,"Germany","opinion",2
1173,2011,"Greece","comment",0
1174,2011,"Greece","opinion",2
1175,2011,"Hungary","comment",1
1176,2011,"Hungary","opinion",0
1177,2011,"Iceland","comment",0
1178,2011,"Iceland","opinion",0
1179,2011,"Ireland","comment",0
1180,2011,"Ireland","opinion",1
1181,2011,"Italy","comment",22
1182,2011,"Italy","opinion",6
1183,2011,"Latvia","comment",0
1184,2011,"Latvia","opinion",0
1185,2011,"Liechtenstein","comment",0
1186,2011,"Liechtenstein","opinion",0
1187,2011,"Lithuania","comment",1
1188,2011,"Lithuania","opinion",0
1189,2011,"Luxembourg","comment",0
1190,2011,"Luxembourg","opinion",0
1191,2011,"Malta","comment",2
1192,2011,"Malta","opinion",8
1193,2011,"Netherlands","comment",4
1194,2011,"Netherlands","opinion",6
1195,2011,"Norway","comment",0
1196,2011,"Norway","opinion",0
1197,2011,"Poland","comment",5
1198,2011,"Poland","opinion",0
1199,2011,"Portugal","comment",3
1200,2011,"Portugal","opinion",2
1201,2011,"Romania","comment",0
1202,2011,"Romania","opinion",0
1203,2011,"Slovakia","comment",17
1204,2011,"Slovakia","opinion",1
1205,2011,"Slovenia","comment",4
1206,2011,"Slovenia","opinion",0
1207,2011,"Spain","comment",10
1208,2011,"Spain","opinion",3
1209,2011,"Sweden","comment",1
1210,2011,"Sweden","opinion",0
1211,2011,"Switzerland","comment",0
1212,2011,"Switzerland","opinion",0
1213,2011,"Turkey","comment",0
1214,2011,"Turkey","opinion",0
1215,2011,"United Kingdom","comment",11
1216,2011,"United Kingdom","opinion",3
1217,2012,"Austria","comment",9
1218,2012,"Austria","opinion",11
1219,2012,"Belgium","comment",2
1220,2012,"Belgium","opinion",2
1221,2012,"Bulgaria","comment",2
1222,2012,"Bulgaria","opinion",1
1223,2012,"Commission","comment",134
1224,2012,"Commission","opinion",66
1225,2012,"Cyprus","comment",0
1226,2012,"Cyprus","opinion",0
1227,2012,"Czech Republic","comment",12
1228,2012,"Czech Republic","opinion",5
1229,2012,"Denmark","comment",1
1230,2012,"Denmark","opinion",1
1231,2012,"Estonia","comment",0
1232,2012,"Estonia","opinion",0
1233,2012,"European Free Trade Association","comment",0
1234,2012,"European Free Trade Association","opinion",0
1235,2012,"Finland","comment",1
1236,2012,"Finland","opinion",1
1237,2012,"France","comment",17
1238,2012,"France","opinion",10
1239,2012,"Germany","comment",57
1240,2012,"Germany","opinion",4
1241,2012,"Greece","comment",0
1242,2012,"Greece","opinion",2
1243,2012,"Hungary","comment",7
1244,2012,"Hungary","opinion",2
1245,2012,"Iceland","comment",0
1246,2012,"Iceland","opinion",0
1247,2012,"Ireland","comment",1
1248,2012,"Ireland","opinion",1
1249,2012,"Italy","comment",20
1250,2012,"Italy","opinion",10
1251,2012,"Latvia","comment",0
1252,2012,"Latvia","opinion",0
1253,2012,"Liechtenstein","comment",0
1254,2012,"Liechtenstein","opinion",0
1255,2012,"Lithuania","comment",0
1256,2012,"Lithuania","opinion",0
1257,2012,"Luxembourg","comment",0
1258,2012,"Luxembourg","opinion",1
1259,2012,"Malta","comment",1
1260,2012,"Malta","opinion",5
1261,2012,"Netherlands","comment",4
1262,2012,"Netherlands","opinion",1
1263,2012,"Norway","comment",0
1264,2012,"Norway","opinion",0
1265,2012,"Poland","comment",5
1266,2012,"Poland","opinion",1
1267,2012,"Portugal","comment",4
1268,2012,"Portugal","opinion",2
1269,2012,"Romania","comment",8
1270,2012,"Romania","opinion",2
1271,2012,"Slovakia","comment",8
1272,2012,"Slovakia","opinion",3
1273,2012,"Slovenia","comment",10
1274,2012,"Slovenia","opinion",0
1275,2012,"Spain","comment",23
1276,2012,"Spain","opinion",17
1277,2012,"Sweden","comment",2
1278,2012,"Sweden","opinion",0
1279,2012,"Switzerland","comment",0
1280,2012,"Switzerland","opinion",0
1281,2012,"Turkey","comment",0
1282,2012,"Turkey","opinion",0
1283,2012,"United Kingdom","comment",3
1284,2012,"United Kingdom","opinion",6
1285,2013,"Austria","comment",3
1286,2013,"Austria","opinion",10
1287,2013,"Belgium","comment",0
1288,2013,"Belgium","opinion",1
1289,2013,"Bulgaria","comment",0
1290,2013,"Bulgaria","opinion",0
1291,2013,"Commission","comment",162
1292,2013,"Commission","opinion",87
1293,2013,"Croatia","comment",7
1294,2013,"Croatia","opinion",0
1295,2013,"Cyprus","comment",0
1296,2013,"Cyprus","opinion",0
1297,2013,"Czech Republic","comment",4
1298,2013,"Czech Republic","opinion",6
1299,2013,"Denmark","comment",2
1300,2013,"Denmark","opinion",1
1301,2013,"Estonia","comment",0
1302,2013,"Estonia","opinion",0
1303,2013,"European Free Trade Association","comment",0
1304,2013,"European Free Trade Association","opinion",0
1305,2013,"Finland","comment",5
1306,2013,"Finland","opinion",0
1307,2013,"France","comment",13
1308,2013,"France","opinion",5
1309,2013,"Germany","comment",24
1310,2013,"Germany","opinion",0
1311,2013,"Greece","comment",1
1312,2013,"Greece","opinion",0
1313,2013,"Hungary","comment",1
1314,2013,"Hungary","opinion",0
1315,2013,"Iceland","comment",0
1316,2013,"Iceland","opinion",0
1317,2013,"Ireland","comment",2
1318,2013,"Ireland","opinion",0
1319,2013,"Italy","comment",9
1320,2013,"Italy","opinion",7
1321,2013,"Latvia","comment",0
1322,2013,"Latvia","opinion",0
1323,2013,"Liechtenstein","comment",0
1324,2013,"Liechtenstein","opinion",0
1325,2013,"Lithuania","comment",0
1326,2013,"Lithuania","opinion",1
1327,2013,"Luxembourg","comment",0
1328,2013,"Luxembourg","opinion",0
1329,2013,"Malta","comment",2
1330,2013,"Malta","opinion",4
1331,2013,"Netherlands","comment",2
1332,2013,"Netherlands","opinion",7
1333,2013,"Norway","comment",0
1334,2013,"Norway","opinion",0
1335,2013,"Poland","comment",11
1336,2013,"Poland","opinion",2
1337,2013,"Portugal","comment",0
1338,2013,"Portugal","opinion",1
1339,2013,"Romania","comment",5
1340,2013,"Romania","opinion",1
1341,2013,"Slovakia","comment",3
1342,2013,"Slovakia","opinion",6
1343,2013,"Slovenia","comment",4
1344,2013,"Slovenia","opinion",0
1345,2013,"Spain","comment",14
1346,2013,"Spain","opinion",6
1347,2013,"Sweden","comment",2
1348,2013,"Sweden","opinion",0
1349,2013,"Switzerland","comment",0
1350,2013,"Switzerland","opinion",0
1351,2013,"Turkey","comment",0
1352,2013,"Turkey","opinion",0
1353,2013,"United Kingdom","comment",8
1354,2013,"United Kingdom","opinion",2
1355,2014,"Austria","comment",9
1356,2014,"Austria","opinion",7
1357,2014,"Belgium","comment",0
1358,2014,"Belgium","opinion",2
1359,2014,"Bulgaria","comment",1
1360,2014,"Bulgaria","opinion",2
1361,2014,"Commission","comment",194
1362,2014,"Commission","opinion",60
1363,2014,"Croatia","comment",2
1364,2014,"Croatia","opinion",0
1365,2014,"Cyprus","comment",0
1366,2014,"Cyprus","opinion",0
1367,2014,"Czech Republic","comment",0
1368,2014,"Czech Republic","opinion",6
1369,2014,"Denmark","comment",1
1370,2014,"Denmark","opinion",0
1371,2014,"Estonia","comment",1
1372,2014,"Estonia","opinion",0
1373,2014,"European Free Trade Association","comment",0
1374,2014,"European Free Trade Association","opinion",0
1375,2014,"Finland","comment",0
1376,2014,"Finland","opinion",0
1377,2014,"France","comment",9
1378,2014,"France","opinion",4
1379,2014,"Germany","comment",34
1380,2014,"Germany","opinion",0
1381,2014,"Greece","comment",0
1382,2014,"Greece","opinion",2
1383,2014,"Hungary","comment",1
1384,2014,"Hungary","opinion",3
1385,2014,"Iceland","comment",0
1386,2014,"Iceland","opinion",0
1387,2014,"Ireland","comment",1
1388,2014,"Ireland","opinion",1
1389,2014,"Italy","comment",7
1390,2014,"Italy","opinion",5
1391,2014,"Latvia","comment",0
1392,2014,"Latvia","opinion",0
1393,2014,"Liechtenstein","comment",0
1394,2014,"Liechtenstein","opinion",0
1395,2014,"Lithuania","comment",0
1396,2014,"Lithuania","opinion",1
1397,2014,"Luxembourg","comment",0
1398,2014,"Luxembourg","opinion",0
1399,2014,"Malta","comment",4
1400,2014,"Malta","opinion",6
1401,2014,"Netherlands","comment",0
1402,2014,"Netherlands","opinion",1
1403,2014,"Norway","comment",0
1404,2014,"Norway","opinion",0
1405,2014,"Poland","comment",13
1406,2014,"Poland","opinion",5
1407,2014,"Portugal","comment",0
1408,2014,"Portugal","opinion",3
1409,2014,"Romania","comment",2
1410,2014,"Romania","opinion",2
1411,2014,"Slovakia","comment",2
1412,2014,"Slovakia","opinion",6
1413,2014,"Slovenia","comment",4
1414,2014,"Slovenia","opinion",0
1415,2014,"Spain","comment",6
1416,2014,"Spain","opinion",10
1417,2014,"Sweden","comment",2
1418,2014,"Sweden","opinion",0
1419,2014,"Switzerland","comment",0
1420,2014,"Switzerland","opinion",0
1421,2014,"Turkey","comment",0
1422,2014,"Turkey","opinion",0
1423,2014,"United Kingdom","comment",10
1424,2014,"United Kingdom","opinion",1
1425,2015,"Austria","comment",8
1426,2015,"Austria","opinion",4
1427,2015,"Belgium","comment",1
1428,2015,"Belgium","opinion",0
1429,2015,"Bulgaria","comment",4
1430,2015,"Bulgaria","opinion",4
1431,2015,"Commission","comment",178
1432,2015,"Commission","opinion",78
1433,2015,"Croatia","comment",0
1434,2015,"Croatia","opinion",0
1435,2015,"Cyprus","comment",0
1436,2015,"Cyprus","opinion",0
1437,2015,"Czech Republic","comment",6
1438,2015,"Czech Republic","opinion",4
1439,2015,"Denmark","comment",4
1440,2015,"Denmark","opinion",0
1441,2015,"Estonia","comment",2
1442,2015,"Estonia","opinion",1
1443,2015,"European Free Trade Association","comment",0
1444,2015,"European Free Trade Association","opinion",0
1445,2015,"Finland","comment",2
1446,2015,"Finland","opinion",3
1447,2015,"France","comment",10
1448,2015,"France","opinion",2
1449,2015,"Germany","comment",21
1450,2015,"Germany","opinion",7
1451,2015,"Greece","comment",0
1452,2015,"Greece","opinion",5
1453,2015,"Hungary","comment",6
1454,2015,"Hungary","opinion",2
1455,2015,"Iceland","comment",0
1456,2015,"Iceland","opinion",0
1457,2015,"Ireland","comment",2
1458,2015,"Ireland","opinion",0
1459,2015,"Italy","comment",11
1460,2015,"Italy","opinion",7
1461,2015,"Latvia","comment",0
1462,2015,"Latvia","opinion",0
1463,2015,"Liechtenstein","comment",0
1464,2015,"Liechtenstein","opinion",0
1465,2015,"Lithuania","comment",0
1466,2015,"Lithuania","opinion",2
1467,2015,"Luxembourg","comment",0
1468,2015,"Luxembourg","opinion",0
1469,2015,"Malta","comment",0
1470,2015,"Malta","opinion",1
1471,2015,"Netherlands","comment",0
1472,2015,"Netherlands","opinion",0
1473,2015,"Norway","comment",0
1474,2015,"Norway","opinion",0
1475,2015,"Poland","comment",11
1476,2015,"Poland","opinion",2
1477,2015,"Portugal","comment",0
1478,2015,"Portugal","opinion",5
1479,2015,"Romania","comment",1
1480,2015,"Romania","opinion",2
1481,2015,"Slovakia","comment",6
1482,2015,"Slovakia","opinion",6
1483,2015,"Slovenia","comment",2
1484,2015,"Slovenia","opinion",0
1485,2015,"Spain","comment",10
1486,2015,"Spain","opinion",9
1487,2015,"Sweden","comment",9
1488,2015,"Sweden","opinion",0
1489,2015,"Switzerland","comment",0
1490,2015,"Switzerland","opinion",0
1491,2015,"Turkey","comment",0
1492,2015,"Turkey","opinion",0
1493,2015,"United Kingdom","comment",8
1494,2015,"United Kingdom","opinion",1
1495,2016,"Austria","comment",9
1496,2016,"Austria","opinion",5
1497,2016,"Belgium","comment",0
1498,2016,"Belgium","opinion",0
1499,2016,"Bulgaria","comment",0
1500,2016,"Bulgaria","opinion",2
1501,2016,"Commission","comment",187
1502,2016,"Commission","opinion",60
1503,2016,"Croatia","comment",2
1504,2016,"Croatia","opinion",0
1505,2016,"Cyprus","comment",0
1506,2016,"Cyprus","opinion",0
1507,2016,"Czech Republic","comment",3
1508,2016,"Czech Republic","opinion",3
1509,2016,"Denmark","comment",4
1510,2016,"Denmark","opinion",1
1511,2016,"Estonia","comment",0
1512,2016,"Estonia","opinion",0
1513,2016,"European Free Trade Association","comment",0
1514,2016,"European Free Trade Association","opinion",0
1515,2016,"Finland","comment",2
1516,2016,"Finland","opinion",2
1517,2016,"France","comment",3
1518,2016,"France","opinion",7
1519,2016,"Germany","comment",16
1520,2016,"Germany","opinion",7
1521,2016,"Greece","comment",0
1522,2016,"Greece","opinion",2
1523,2016,"Hungary","comment",6
1524,2016,"Hungary","opinion",1
1525,2016,"Iceland","comment",0
1526,2016,"Iceland","opinion",0
1527,2016,"Ireland","comment",0
1528,2016,"Ireland","opinion",0
1529,2016,"Italy","comment",15
1530,2016,"Italy","opinion",4
1531,2016,"Latvia","comment",0
1532,2016,"Latvia","opinion",0
1533,2016,"Liechtenstein","comment",0
1534,2016,"Liechtenstein","opinion",0
1535,2016,"Lithuania","comment",0
1536,2016,"Lithuania","opinion",0
1537,2016,"Luxembourg","comment",0
1538,2016,"Luxembourg","opinion",0
1539,2016,"Malta","comment",2
1540,2016,"Malta","opinion",3
1541,2016,"Netherlands","comment",1
1542,2016,"Netherlands","opinion",4
1543,2016,"Norway","comment",0
1544,2016,"Norway","opinion",0
1545,2016,"Poland","comment",13
1546,2016,"Poland","opinion",6
1547,2016,"Portugal","comment",1
1548,2016,"Portugal","opinion",3
1549,2016,"Romania","comment",0
1550,2016,"Romania","opinion",2
1551,2016,"Slovakia","comment",3
1552,2016,"Slovakia","opinion",7
1553,2016,"Slovenia","comment",4
1554,2016,"Slovenia","opinion",1
1555,2016,"Spain","comment",18
1556,2016,"Spain","opinion",14
1557,2016,"Sweden","comment",10
1558,2016,"Sweden","opinion",1
1559,2016,"Switzerland","comment",0
1560,2016,"Switzerland","opinion",0
1561,2016,"Turkey","comment",0
1562,2016,"Turkey","opinion",0
1563,2016,"United Kingdom","comment",5
1564,2016,"United Kingdom","opinion",2
1565,2017,"Austria","comment",14
1566,2017,"Austria","opinion",4
1567,2017,"Belgium","comment",0
1568,2017,"Belgium","opinion",0
1569,2017,"Bulgaria","comment",1
1570,2017,"Bulgaria","opinion",1
1571,2017,"Commission","comment",221
1572,2017,"Commission","opinion",34
1573,2017,"Croatia","comment",0
1574,2017,"Croatia","opinion",0
1575,2017,"Cyprus","comment",0
1576,2017,"Cyprus","opinion",0
1577,2017,"Czech Republic","comment",2
1578,2017,"Czech Republic","opinion",1
1579,2017,"Denmark","comment",5
1580,2017,"Denmark","opinion",0
1581,2017,"Estonia","comment",2
1582,2017,"Estonia","opinion",0
1583,2017,"European Free Trade Association","comment",0
1584,2017,"European Free Trade Association","opinion",0
1585,2017,"Finland","comment",0
1586,2017,"Finland","opinion",0
1587,2017,"France","comment",2
1588,2017,"France","opinion",5
1589,2017,"Germany","comment",8
1590,2017,"Germany","opinion",3
1591,2017,"Greece","comment",0
1592,2017,"Greece","opinion",0
1593,2017,"Hungary","comment",4
1594,2017,"Hungary","opinion",7
1595,2017,"Iceland","comment",0
1596,2017,"Iceland","opinion",0
1597,2017,"Ireland","comment",0
1598,2017,"Ireland","opinion",0
1599,2017,"Italy","comment",9
1600,2017,"Italy","opinion",6
1601,2017,"Latvia","comment",1
1602,2017,"Latvia","opinion",2
1603,2017,"Liechtenstein","comment",0
1604,2017,"Liechtenstein","opinion",0
1605,2017,"Lithuania","comment",0
1606,2017,"Lithuania","opinion",0
1607,2017,"Luxembourg","comment",0
1608,2017,"Luxembourg","opinion",0
1609,2017,"Malta","comment",1
1610,2017,"Malta","opinion",0
1611,2017,"Netherlands","comment",1
1612,2017,"Netherlands","opinion",1
1613,2017,"Norway","comment",0
1614,2017,"Norway","opinion",0
1615,2017,"Poland","comment",5
1616,2017,"Poland","opinion",5
1617,2017,"Portugal","comment",1
1618,2017,"Portugal","opinion",1
1619,2017,"Romania","comment",1
1620,2017,"Romania","opinion",0
1621,2017,"Slovakia","comment",1
1622,2017,"Slovakia","opinion",1
1623,2017,"Slovenia","comment",3
1624,2017,"Slovenia","opinion",0
1625,2017,"Spain","comment",6
1626,2017,"Spain","opinion",5
1627,2017,"Sweden","comment",3
1628,2017,"Sweden","opinion",0
1629,2017,"Switzerland","comment",0
1630,2017,"Switzerland","opinion",0
1631,2017,"Turkey","comment",0
1632,2017,"Turkey","opinion",0
1633,2017,"United Kingdom","comment",3
1634,2017,"United Kingdom","opinion",2
1635,2018,"Austria","comment",6
1636,2018,"Austria","opinion",4
1637,2018,"Belgium","comment",0
1638,2018,"Belgium","opinion",1
1639,2018,"Bulgaria","comment",0
1640,2018,"Bulgaria","opinion",4
1641,2018,"Commission","comment",222
1642,2018,"Commission","opinion",40
1643,2018,"Croatia","comment",0
1644,2018,"Croatia","opinion",1
1645,2018,"Cyprus","comment",0
1646,2018,"Cyprus","opinion",0
1647,2018,"Czech Republic","comment",1
1648,2018,"Czech Republic","opinion",6
1649,2018,"Denmark","comment",2
1650,2018,"Denmark","opinion",0
1651,2018,"Estonia","comment",0
1652,2018,"Estonia","opinion",1
1653,2018,"European Free Trade Association","comment",0
1654,2018,"European Free Trade Association","opinion",0
1655,2018,"Finland","comment",1
1656,2018,"Finland","opinion",1
1657,2018,"France","comment",3
1658,2018,"France","opinion",2
1659,2018,"Germany","comment",6
1660,2018,"Germany","opinion",1
1661,2018,"Greece","comment",2
1662,2018,"Greece","opinion",2
1663,2018,"Hungary","comment",1
1664,2018,"Hungary","opinion",4
1665,2018,"Iceland","comment",0
1666,2018,"Iceland","opinion",0
1667,2018,"Ireland","comment",0
1668,2018,"Ireland","opinion",0
1669,2018,"Italy","comment",12
1670,2018,"Italy","opinion",5
1671,2018,"Latvia","comment",0
1672,2018,"Latvia","opinion",0
1673,2018,"Liechtenstein","comment",0
1674,2018,"Liechtenstein","opinion",0
1675,2018,"Lithuania","comment",0
1676,2018,"Lithuania","opinion",0
1677,2018,"Luxembourg","comment",0
1678,2018,"Luxembourg","opinion",0
1679,2018,"Malta","comment",1
1680,2018,"Malta","opinion",0
1681,2018,"Netherlands","comment",0
1682,2018,"Netherlands","opinion",0
1683,2018,"Norway","comment",0
1684,2018,"Norway","opinion",0
1685,2018,"Poland","comment",17
1686,2018,"Poland","opinion",1
1687,2018,"Portugal","comment",0
1688,2018,"Portugal","opinion",2
1689,2018,"Romania","comment",2
1690,2018,"Romania","opinion",2
1691,2018,"Slovakia","comment",1
1692,2018,"Slovakia","opinion",1
1693,2018,"Slovenia","comment",1
1694,2018,"Slovenia","opinion",0
1695,2018,"Spain","comment",9
1696,2018,"Spain","opinion",0
1697,2018,"Sweden","comment",5
1698,2018,"Sweden","opinion",0
1699,2018,"Switzerland","comment",0
1700,2018,"Switzerland","opinion",0
1701,2018,"Turkey","comment",0
1702,2018,"Turkey","opinion",0
1703,2018,"United Kingdom","comment",6
1704,2018,"United Kingdom","opinion",0
1705,2019,"Austria","comment",7
1706,2019,"Austria","opinion",2
1707,2019,"Belgium","comment",0
1708,2019,"Belgium","opinion",1
1709,2019,"Bulgaria","comment",0
1710,2019,"Bulgaria","opinion",2
1711,2019,"Commission","comment",180
1712,2019,"Commission","opinion",38
1713,2019,"Croatia","comment",0
1714,2019,"Croatia","opinion",0
1715,2019,"Cyprus","comment",0
1716,2019,"Cyprus","opinion",0
1717,2019,"Czech Republic","comment",0
1718,2019,"Czech Republic","opinion",3
1719,2019,"Denmark","comment",0
1720,2019,"Denmark","opinion",0
1721,2019,"Estonia","comment",0
1722,2019,"Estonia","opinion",0
1723,2019,"European Free Trade Association","comment",0
1724,2019,"European Free Trade Association","opinion",0
1725,2019,"Finland","comment",1
1726,2019,"Finland","opinion",0
1727,2019,"France","comment",1
1728,2019,"France","opinion",2
1729,2019,"Germany","comment",6
1730,2019,"Germany","opinion",1
1731,2019,"Greece","comment",1
1732,2019,"Greece","opinion",1
1733,2019,"Hungary","comment",2
1734,2019,"Hungary","opinion",0
1735,2019,"Iceland","comment",0
1736,2019,"Iceland","opinion",0
1737,2019,"Ireland","comment",0
1738,2019,"Ireland","opinion",0
1739,2019,"Italy","comment",10
1740,2019,"Italy","opinion",1
1741,2019,"Latvia","comment",0
1742,2019,"Latvia","opinion",0
1743,2019,"Liechtenstein","comment",0
1744,2019,"Liechtenstein","opinion",0
1745,2019,"Lithuania","comment",1
1746,2019,"Lithuania","opinion",0
1747,2019,"Luxembourg","comment",0
1748,2019,"Luxembourg","opinion",0
1749,2019,"Malta","comment",1
1750,2019,"Malta","opinion",2
1751,2019,"Netherlands","comment",1
1752,2019,"Netherlands","opinion",1
1753,2019,"Norway","comment",0
1754,2019,"Norway","opinion",0
1755,2019,"Poland","comment",8
1756,2019,"Poland","opinion",2
1757,2019,"Portugal","comment",0
1758,2019,"Portugal","opinion",5
1759,2019,"Romania","comment",3
1760,2019,"Romania","opinion",1
1761,2019,"Slovakia","comment",4
1762,2019,"Slovakia","opinion",1
1763,2019,"Slovenia","comment",2
1764,2019,"Slovenia","opinion",0
1765,2019,"Spain","comment",13
1766,2019,"Spain","opinion",3
1767,2019,"Sweden","comment",3
1768,2019,"Sweden","opinion",0
1769,2019,"Switzerland","comment",0
1770,2019,"Switzerland","opinion",0
1771,2019,"Turkey","comment",0
1772,2019,"Turkey","opinion",0
1773,2019,"United Kingdom","comment",0
1774,2019,"United Kingdom","opinion",2
1775,2020,"Austria","comment",6
1776,2020,"Austria","opinion",0
1777,2020,"Belgium","comment",0
1778,2020,"Belgium","opinion",1
1779,2020,"Bulgaria","comment",0
1780,2020,"Bulgaria","opinion",1
1781,2020,"Commission","comment",42
1782,2020,"Commission","opinion",7
1783,2020,"Croatia","comment",0
1784,2020,"Croatia","opinion",0
1785,2020,"Cyprus","comment",0
1786,2020,"Cyprus","opinion",0
1787,2020,"Czech Republic","comment",2
1788,2020,"Czech Republic","opinion",2
1789,2020,"Denmark","comment",0
1790,2020,"Denmark","opinion",0
1791,2020,"Estonia","comment",1
1792,2020,"Estonia","opinion",0
1793,2020,"European Free Trade Association","comment",0
1794,2020,"European Free Trade Association","opinion",0
1795,2020,"Finland","comment",3
1796,2020,"Finland","opinion",0
1797,2020,"France","comment",2
1798,2020,"France","opinion",1
1799,2020,"Germany","comment",3
1800,2020,"Germany","opinion",0
1801,2020,"Greece","comment",0
1802,2020,"Greece","opinion",1
1803,2020,"Hungary","comment",0
1804,2020,"Hungary","opinion",0
1805,2020,"Iceland","comment",0
1806,2020,"Iceland","opinion",0
1807,2020,"Ireland","comment",0
1808,2020,"Ireland","opinion",0
1809,2020,"Italy","comment",7
1810,2020,"Italy","opinion",2
1811,2020,"Latvia","comment",0
1812,2020,"Latvia","opinion",0
1813,2020,"Liechtenstein","comment",0
1814,2020,"Liechtenstein","opinion",0
1815,2020,"Lithuania","comment",0
1816,2020,"Lithuania","opinion",0
1817,2020,"Luxembourg","comment",0
1818,2020,"Luxembourg","opinion",0
1819,2020,"Malta","comment",0
1820,2020,"Malta","opinion",0
1821,2020,"Netherlands","comment",0
1822,2020,"Netherlands","opinion",0
1823,2020,"Norway","comment",0
1824,2020,"Norway","opinion",0
1825,2020,"Poland","comment",1
1826,2020,"Poland","opinion",0
1827,2020,"Portugal","comment",0
1828,2020,"Portugal","opinion",1
1829,2020,"Romania","comment",0
1830,2020,"Romania","opinion",1
1831,2020,"Slovakia","comment",1
1832,2020,"Slovakia","opinion",0
1833,2020,"Slovenia","comment",0
1834,2020,"Slovenia","opinion",0
1835,2020,"Spain","comment",3
1836,2020,"Spain","opinion",0
1837,2020,"Sweden","comment",13
1838,2020,"Sweden","opinion",0
1839,2020,"Switzerland","comment",0
1840,2020,"Switzerland","opinion",0
1841,2020,"Turkey","comment",0
1842,2020,"Turkey","opinion",0
1843,2020,"United Kingdom","comment",0
1844,2020,"United Kingdom","opinion",0
