"key_ID","year","opinion_by_ID","opinion_by","opinion_by_code","notification_by_ID","notification_by","notification_by_code","count_opinions"
1,1988,34,"Commission","EC",8,"Ireland","IE",1
2,1988,34,"Commission","EC",12,"Spain","ES",1
3,1989,1,"Belgium","BE",3,"Germany","DE",3
4,1989,1,"Belgium","BE",6,"Netherlands","NL",1
5,1989,1,"Belgium","BE",9,"United Kingdom","UK",1
6,1989,2,"France","FR",1,"Belgium","BE",6
7,1989,2,"France","FR",3,"Germany","DE",17
8,1989,2,"France","FR",4,"Italy","IT",1
9,1989,2,"France","FR",6,"Netherlands","NL",5
10,1989,2,"France","FR",7,"Denmark","DK",2
11,1989,2,"France","FR",9,"United Kingdom","UK",8
12,1989,2,"France","FR",12,"Spain","ES",4
13,1989,3,"Germany","DE",1,"Belgium","BE",1
14,1989,3,"Germany","DE",2,"France","FR",5
15,1989,3,"Germany","DE",4,"Italy","IT",1
16,1989,3,"Germany","DE",6,"Netherlands","NL",2
17,1989,3,"Germany","DE",9,"United Kingdom","UK",6
18,1989,4,"Italy","IT",1,"Belgium","BE",1
19,1989,4,"Italy","IT",2,"France","FR",1
20,1989,4,"Italy","IT",3,"Germany","DE",5
21,1989,4,"Italy","IT",6,"Netherlands","NL",1
22,1989,4,"Italy","IT",10,"Greece","EL",1
23,1989,6,"Netherlands","NL",1,"Belgium","BE",1
24,1989,6,"Netherlands","NL",3,"Germany","DE",4
25,1989,7,"Denmark","DK",9,"United Kingdom","UK",1
26,1989,7,"Denmark","DK",12,"Spain","ES",1
27,1989,8,"Ireland","IE",2,"France","FR",1
28,1989,8,"Ireland","IE",3,"Germany","DE",1
29,1989,8,"Ireland","IE",10,"Greece","EL",1
30,1989,9,"United Kingdom","UK",1,"Belgium","BE",3
31,1989,9,"United Kingdom","UK",2,"France","FR",4
32,1989,9,"United Kingdom","UK",3,"Germany","DE",4
33,1989,9,"United Kingdom","UK",6,"Netherlands","NL",5
34,1989,9,"United Kingdom","UK",10,"Greece","EL",1
35,1989,9,"United Kingdom","UK",12,"Spain","ES",2
36,1989,10,"Greece","EL",2,"France","FR",1
37,1989,10,"Greece","EL",3,"Germany","DE",1
38,1989,10,"Greece","EL",4,"Italy","IT",1
39,1989,10,"Greece","EL",7,"Denmark","DK",1
40,1989,12,"Spain","ES",1,"Belgium","BE",1
41,1989,12,"Spain","ES",2,"France","FR",1
42,1989,12,"Spain","ES",3,"Germany","DE",1
43,1989,12,"Spain","ES",5,"Luxembourg","LU",1
44,1989,12,"Spain","ES",6,"Netherlands","NL",1
45,1989,12,"Spain","ES",7,"Denmark","DK",1
46,1989,12,"Spain","ES",9,"United Kingdom","UK",3
47,1989,34,"Commission","EC",1,"Belgium","BE",9
48,1989,34,"Commission","EC",2,"France","FR",2
49,1989,34,"Commission","EC",3,"Germany","DE",42
50,1989,34,"Commission","EC",4,"Italy","IT",7
51,1989,34,"Commission","EC",5,"Luxembourg","LU",2
52,1989,34,"Commission","EC",6,"Netherlands","NL",4
53,1989,34,"Commission","EC",7,"Denmark","DK",3
54,1989,34,"Commission","EC",9,"United Kingdom","UK",6
55,1989,34,"Commission","EC",10,"Greece","EL",4
56,1989,34,"Commission","EC",12,"Spain","ES",8
57,1990,1,"Belgium","BE",2,"France","FR",3
58,1990,1,"Belgium","BE",3,"Germany","DE",3
59,1990,2,"France","FR",1,"Belgium","BE",3
60,1990,2,"France","FR",3,"Germany","DE",20
61,1990,2,"France","FR",4,"Italy","IT",2
62,1990,2,"France","FR",6,"Netherlands","NL",2
63,1990,2,"France","FR",7,"Denmark","DK",5
64,1990,2,"France","FR",8,"Ireland","IE",1
65,1990,2,"France","FR",9,"United Kingdom","UK",4
66,1990,2,"France","FR",10,"Greece","EL",1
67,1990,2,"France","FR",11,"Portugal","PT",1
68,1990,2,"France","FR",12,"Spain","ES",10
69,1990,3,"Germany","DE",2,"France","FR",8
70,1990,3,"Germany","DE",6,"Netherlands","NL",1
71,1990,3,"Germany","DE",7,"Denmark","DK",2
72,1990,3,"Germany","DE",9,"United Kingdom","UK",1
73,1990,4,"Italy","IT",2,"France","FR",2
74,1990,4,"Italy","IT",3,"Germany","DE",3
75,1990,4,"Italy","IT",7,"Denmark","DK",1
76,1990,6,"Netherlands","NL",3,"Germany","DE",2
77,1990,6,"Netherlands","NL",12,"Spain","ES",1
78,1990,7,"Denmark","DK",2,"France","FR",1
79,1990,9,"United Kingdom","UK",2,"France","FR",1
80,1990,9,"United Kingdom","UK",3,"Germany","DE",4
81,1990,9,"United Kingdom","UK",4,"Italy","IT",1
82,1990,9,"United Kingdom","UK",6,"Netherlands","NL",2
83,1990,9,"United Kingdom","UK",7,"Denmark","DK",1
84,1990,9,"United Kingdom","UK",12,"Spain","ES",2
85,1990,12,"Spain","ES",1,"Belgium","BE",2
86,1990,12,"Spain","ES",2,"France","FR",5
87,1990,12,"Spain","ES",3,"Germany","DE",1
88,1990,12,"Spain","ES",4,"Italy","IT",2
89,1990,12,"Spain","ES",5,"Luxembourg","LU",1
90,1990,12,"Spain","ES",6,"Netherlands","NL",3
91,1990,12,"Spain","ES",11,"Portugal","PT",1
92,1990,34,"Commission","EC",1,"Belgium","BE",8
93,1990,34,"Commission","EC",2,"France","FR",41
94,1990,34,"Commission","EC",3,"Germany","DE",33
95,1990,34,"Commission","EC",4,"Italy","IT",16
96,1990,34,"Commission","EC",6,"Netherlands","NL",7
97,1990,34,"Commission","EC",7,"Denmark","DK",11
98,1990,34,"Commission","EC",8,"Ireland","IE",2
99,1990,34,"Commission","EC",9,"United Kingdom","UK",30
100,1990,34,"Commission","EC",10,"Greece","EL",5
101,1990,34,"Commission","EC",11,"Portugal","PT",1
102,1990,34,"Commission","EC",12,"Spain","ES",6
103,1991,1,"Belgium","BE",3,"Germany","DE",2
104,1991,2,"France","FR",1,"Belgium","BE",1
105,1991,2,"France","FR",3,"Germany","DE",42
106,1991,2,"France","FR",4,"Italy","IT",2
107,1991,2,"France","FR",6,"Netherlands","NL",1
108,1991,2,"France","FR",7,"Denmark","DK",1
109,1991,2,"France","FR",9,"United Kingdom","UK",2
110,1991,2,"France","FR",10,"Greece","EL",3
111,1991,2,"France","FR",11,"Portugal","PT",2
112,1991,2,"France","FR",12,"Spain","ES",1
113,1991,3,"Germany","DE",1,"Belgium","BE",1
114,1991,3,"Germany","DE",2,"France","FR",3
115,1991,3,"Germany","DE",6,"Netherlands","NL",1
116,1991,3,"Germany","DE",7,"Denmark","DK",2
117,1991,3,"Germany","DE",9,"United Kingdom","UK",3
118,1991,3,"Germany","DE",11,"Portugal","PT",1
119,1991,4,"Italy","IT",2,"France","FR",1
120,1991,4,"Italy","IT",3,"Germany","DE",2
121,1991,4,"Italy","IT",10,"Greece","EL",1
122,1991,7,"Denmark","DK",3,"Germany","DE",2
123,1991,8,"Ireland","IE",1,"Belgium","BE",1
124,1991,8,"Ireland","IE",3,"Germany","DE",1
125,1991,9,"United Kingdom","UK",1,"Belgium","BE",1
126,1991,9,"United Kingdom","UK",2,"France","FR",3
127,1991,9,"United Kingdom","UK",3,"Germany","DE",4
128,1991,9,"United Kingdom","UK",5,"Luxembourg","LU",1
129,1991,9,"United Kingdom","UK",7,"Denmark","DK",2
130,1991,9,"United Kingdom","UK",10,"Greece","EL",2
131,1991,10,"Greece","EL",3,"Germany","DE",1
132,1991,10,"Greece","EL",9,"United Kingdom","UK",1
133,1991,11,"Portugal","PT",3,"Germany","DE",2
134,1991,12,"Spain","ES",2,"France","FR",4
135,1991,12,"Spain","ES",3,"Germany","DE",2
136,1991,12,"Spain","ES",4,"Italy","IT",1
137,1991,12,"Spain","ES",6,"Netherlands","NL",4
138,1991,12,"Spain","ES",9,"United Kingdom","UK",3
139,1991,12,"Spain","ES",10,"Greece","EL",2
140,1991,12,"Spain","ES",11,"Portugal","PT",4
141,1991,34,"Commission","EC",1,"Belgium","BE",3
142,1991,34,"Commission","EC",2,"France","FR",10
143,1991,34,"Commission","EC",3,"Germany","DE",19
144,1991,34,"Commission","EC",4,"Italy","IT",10
145,1991,34,"Commission","EC",6,"Netherlands","NL",5
146,1991,34,"Commission","EC",7,"Denmark","DK",8
147,1991,34,"Commission","EC",9,"United Kingdom","UK",12
148,1991,34,"Commission","EC",10,"Greece","EL",8
149,1991,34,"Commission","EC",11,"Portugal","PT",20
150,1991,34,"Commission","EC",12,"Spain","ES",5
151,1992,1,"Belgium","BE",9,"United Kingdom","UK",1
152,1992,2,"France","FR",6,"Netherlands","NL",6
153,1992,2,"France","FR",7,"Denmark","DK",2
154,1992,2,"France","FR",9,"United Kingdom","UK",4
155,1992,2,"France","FR",10,"Greece","EL",3
156,1992,2,"France","FR",12,"Spain","ES",1
157,1992,3,"Germany","DE",4,"Italy","IT",3
158,1992,3,"Germany","DE",6,"Netherlands","NL",3
159,1992,3,"Germany","DE",9,"United Kingdom","UK",2
160,1992,6,"Netherlands","NL",2,"France","FR",1
161,1992,6,"Netherlands","NL",4,"Italy","IT",1
162,1992,6,"Netherlands","NL",9,"United Kingdom","UK",2
163,1992,7,"Denmark","DK",4,"Italy","IT",6
164,1992,7,"Denmark","DK",6,"Netherlands","NL",1
165,1992,9,"United Kingdom","UK",1,"Belgium","BE",1
166,1992,9,"United Kingdom","UK",2,"France","FR",3
167,1992,9,"United Kingdom","UK",3,"Germany","DE",3
168,1992,9,"United Kingdom","UK",4,"Italy","IT",5
169,1992,9,"United Kingdom","UK",6,"Netherlands","NL",2
170,1992,9,"United Kingdom","UK",7,"Denmark","DK",1
171,1992,9,"United Kingdom","UK",10,"Greece","EL",3
172,1992,12,"Spain","ES",2,"France","FR",4
173,1992,12,"Spain","ES",3,"Germany","DE",1
174,1992,12,"Spain","ES",6,"Netherlands","NL",1
175,1992,12,"Spain","ES",7,"Denmark","DK",1
176,1992,12,"Spain","ES",9,"United Kingdom","UK",3
177,1992,34,"Commission","EC",2,"France","FR",10
178,1992,34,"Commission","EC",3,"Germany","DE",16
179,1992,34,"Commission","EC",4,"Italy","IT",15
180,1992,34,"Commission","EC",6,"Netherlands","NL",10
181,1992,34,"Commission","EC",7,"Denmark","DK",3
182,1992,34,"Commission","EC",8,"Ireland","IE",1
183,1992,34,"Commission","EC",9,"United Kingdom","UK",26
184,1992,34,"Commission","EC",10,"Greece","EL",5
185,1992,34,"Commission","EC",11,"Portugal","PT",5
186,1992,34,"Commission","EC",12,"Spain","ES",2
187,1993,2,"France","FR",1,"Belgium","BE",1
188,1993,2,"France","FR",3,"Germany","DE",10
189,1993,2,"France","FR",4,"Italy","IT",6
190,1993,2,"France","FR",6,"Netherlands","NL",3
191,1993,2,"France","FR",9,"United Kingdom","UK",3
192,1993,2,"France","FR",11,"Portugal","PT",1
193,1993,2,"France","FR",12,"Spain","ES",1
194,1993,3,"Germany","DE",2,"France","FR",2
195,1993,3,"Germany","DE",4,"Italy","IT",4
196,1993,3,"Germany","DE",7,"Denmark","DK",1
197,1993,3,"Germany","DE",9,"United Kingdom","UK",5
198,1993,3,"Germany","DE",12,"Spain","ES",1
199,1993,6,"Netherlands","NL",2,"France","FR",1
200,1993,6,"Netherlands","NL",3,"Germany","DE",8
201,1993,6,"Netherlands","NL",4,"Italy","IT",5
202,1993,6,"Netherlands","NL",7,"Denmark","DK",1
203,1993,6,"Netherlands","NL",9,"United Kingdom","UK",1
204,1993,7,"Denmark","DK",4,"Italy","IT",2
205,1993,8,"Ireland","IE",1,"Belgium","BE",1
206,1993,8,"Ireland","IE",3,"Germany","DE",1
207,1993,8,"Ireland","IE",4,"Italy","IT",1
208,1993,9,"United Kingdom","UK",1,"Belgium","BE",1
209,1993,9,"United Kingdom","UK",2,"France","FR",2
210,1993,9,"United Kingdom","UK",3,"Germany","DE",7
211,1993,9,"United Kingdom","UK",4,"Italy","IT",1
212,1993,9,"United Kingdom","UK",6,"Netherlands","NL",1
213,1993,9,"United Kingdom","UK",12,"Spain","ES",1
214,1993,10,"Greece","EL",1,"Belgium","BE",1
215,1993,10,"Greece","EL",5,"Luxembourg","LU",1
216,1993,10,"Greece","EL",6,"Netherlands","NL",2
217,1993,12,"Spain","ES",3,"Germany","DE",2
218,1993,12,"Spain","ES",6,"Netherlands","NL",1
219,1993,12,"Spain","ES",8,"Ireland","IE",2
220,1993,34,"Commission","EC",1,"Belgium","BE",7
221,1993,34,"Commission","EC",2,"France","FR",15
222,1993,34,"Commission","EC",3,"Germany","DE",24
223,1993,34,"Commission","EC",4,"Italy","IT",15
224,1993,34,"Commission","EC",5,"Luxembourg","LU",1
225,1993,34,"Commission","EC",6,"Netherlands","NL",10
226,1993,34,"Commission","EC",7,"Denmark","DK",5
227,1993,34,"Commission","EC",9,"United Kingdom","UK",43
228,1993,34,"Commission","EC",10,"Greece","EL",5
229,1993,34,"Commission","EC",11,"Portugal","PT",3
230,1993,34,"Commission","EC",12,"Spain","ES",9
231,1994,1,"Belgium","BE",2,"France","FR",1
232,1994,1,"Belgium","BE",6,"Netherlands","NL",1
233,1994,1,"Belgium","BE",7,"Denmark","DK",1
234,1994,2,"France","FR",3,"Germany","DE",15
235,1994,2,"France","FR",4,"Italy","IT",1
236,1994,2,"France","FR",6,"Netherlands","NL",7
237,1994,2,"France","FR",7,"Denmark","DK",3
238,1994,2,"France","FR",10,"Greece","EL",1
239,1994,2,"France","FR",12,"Spain","ES",2
240,1994,2,"France","FR",15,"Sweden","SE",1
241,1994,3,"Germany","DE",2,"France","FR",6
242,1994,3,"Germany","DE",4,"Italy","IT",1
243,1994,3,"Germany","DE",6,"Netherlands","NL",6
244,1994,3,"Germany","DE",7,"Denmark","DK",3
245,1994,3,"Germany","DE",11,"Portugal","PT",2
246,1994,3,"Germany","DE",12,"Spain","ES",4
247,1994,4,"Italy","IT",2,"France","FR",1
248,1994,6,"Netherlands","NL",3,"Germany","DE",3
249,1994,6,"Netherlands","NL",4,"Italy","IT",1
250,1994,6,"Netherlands","NL",9,"United Kingdom","UK",1
251,1994,7,"Denmark","DK",2,"France","FR",1
252,1994,7,"Denmark","DK",3,"Germany","DE",1
253,1994,9,"United Kingdom","UK",2,"France","FR",2
254,1994,9,"United Kingdom","UK",3,"Germany","DE",7
255,1994,9,"United Kingdom","UK",4,"Italy","IT",1
256,1994,9,"United Kingdom","UK",6,"Netherlands","NL",1
257,1994,9,"United Kingdom","UK",7,"Denmark","DK",2
258,1994,9,"United Kingdom","UK",10,"Greece","EL",1
259,1994,9,"United Kingdom","UK",12,"Spain","ES",2
260,1994,10,"Greece","EL",6,"Netherlands","NL",1
261,1994,12,"Spain","ES",4,"Italy","IT",1
262,1994,12,"Spain","ES",6,"Netherlands","NL",1
263,1994,12,"Spain","ES",7,"Denmark","DK",4
264,1994,34,"Commission","EC",1,"Belgium","BE",7
265,1994,34,"Commission","EC",2,"France","FR",16
266,1994,34,"Commission","EC",3,"Germany","DE",17
267,1994,34,"Commission","EC",4,"Italy","IT",19
268,1994,34,"Commission","EC",6,"Netherlands","NL",12
269,1994,34,"Commission","EC",7,"Denmark","DK",10
270,1994,34,"Commission","EC",9,"United Kingdom","UK",5
271,1994,34,"Commission","EC",10,"Greece","EL",4
272,1994,34,"Commission","EC",12,"Spain","ES",3
273,1994,34,"Commission","EC",13,"Austria","AT",1
274,1994,34,"Commission","EC",15,"Sweden","SE",14
275,1995,1,"Belgium","BE",4,"Italy","IT",1
276,1995,1,"Belgium","BE",15,"Sweden","SE",1
277,1995,2,"France","FR",3,"Germany","DE",2
278,1995,2,"France","FR",4,"Italy","IT",2
279,1995,2,"France","FR",5,"Luxembourg","LU",1
280,1995,2,"France","FR",6,"Netherlands","NL",1
281,1995,2,"France","FR",7,"Denmark","DK",3
282,1995,2,"France","FR",9,"United Kingdom","UK",3
283,1995,2,"France","FR",10,"Greece","EL",1
284,1995,2,"France","FR",13,"Austria","AT",3
285,1995,2,"France","FR",15,"Sweden","SE",3
286,1995,3,"Germany","DE",2,"France","FR",2
287,1995,3,"Germany","DE",4,"Italy","IT",5
288,1995,3,"Germany","DE",6,"Netherlands","NL",4
289,1995,3,"Germany","DE",7,"Denmark","DK",2
290,1995,3,"Germany","DE",9,"United Kingdom","UK",2
291,1995,3,"Germany","DE",10,"Greece","EL",2
292,1995,3,"Germany","DE",12,"Spain","ES",1
293,1995,3,"Germany","DE",13,"Austria","AT",1
294,1995,3,"Germany","DE",15,"Sweden","SE",1
295,1995,4,"Italy","IT",2,"France","FR",1
296,1995,4,"Italy","IT",5,"Luxembourg","LU",1
297,1995,4,"Italy","IT",9,"United Kingdom","UK",1
298,1995,4,"Italy","IT",15,"Sweden","SE",1
299,1995,6,"Netherlands","NL",2,"France","FR",1
300,1995,6,"Netherlands","NL",3,"Germany","DE",2
301,1995,6,"Netherlands","NL",10,"Greece","EL",1
302,1995,6,"Netherlands","NL",13,"Austria","AT",2
303,1995,6,"Netherlands","NL",15,"Sweden","SE",1
304,1995,7,"Denmark","DK",4,"Italy","IT",1
305,1995,9,"United Kingdom","UK",2,"France","FR",3
306,1995,9,"United Kingdom","UK",3,"Germany","DE",3
307,1995,9,"United Kingdom","UK",4,"Italy","IT",1
308,1995,9,"United Kingdom","UK",5,"Luxembourg","LU",1
309,1995,9,"United Kingdom","UK",6,"Netherlands","NL",2
310,1995,9,"United Kingdom","UK",12,"Spain","ES",1
311,1995,9,"United Kingdom","UK",13,"Austria","AT",1
312,1995,9,"United Kingdom","UK",15,"Sweden","SE",2
313,1995,10,"Greece","EL",9,"United Kingdom","UK",1
314,1995,12,"Spain","ES",6,"Netherlands","NL",1
315,1995,12,"Spain","ES",10,"Greece","EL",1
316,1995,12,"Spain","ES",13,"Austria","AT",1
317,1995,12,"Spain","ES",15,"Sweden","SE",1
318,1995,13,"Austria","AT",3,"Germany","DE",1
319,1995,13,"Austria","AT",4,"Italy","IT",3
320,1995,13,"Austria","AT",6,"Netherlands","NL",2
321,1995,14,"Finland","FI",6,"Netherlands","NL",1
322,1995,15,"Sweden","SE",6,"Netherlands","NL",1
323,1995,34,"Commission","EC",1,"Belgium","BE",3
324,1995,34,"Commission","EC",2,"France","FR",11
325,1995,34,"Commission","EC",3,"Germany","DE",9
326,1995,34,"Commission","EC",4,"Italy","IT",13
327,1995,34,"Commission","EC",5,"Luxembourg","LU",1
328,1995,34,"Commission","EC",6,"Netherlands","NL",7
329,1995,34,"Commission","EC",7,"Denmark","DK",9
330,1995,34,"Commission","EC",9,"United Kingdom","UK",4
331,1995,34,"Commission","EC",10,"Greece","EL",3
332,1995,34,"Commission","EC",12,"Spain","ES",2
333,1995,34,"Commission","EC",13,"Austria","AT",5
334,1995,34,"Commission","EC",14,"Finland","FI",3
335,1995,34,"Commission","EC",15,"Sweden","SE",2
336,1996,1,"Belgium","BE",2,"France","FR",2
337,1996,1,"Belgium","BE",7,"Denmark","DK",2
338,1996,1,"Belgium","BE",9,"United Kingdom","UK",1
339,1996,1,"Belgium","BE",12,"Spain","ES",1
340,1996,1,"Belgium","BE",15,"Sweden","SE",1
341,1996,2,"France","FR",1,"Belgium","BE",2
342,1996,2,"France","FR",3,"Germany","DE",5
343,1996,2,"France","FR",4,"Italy","IT",2
344,1996,2,"France","FR",6,"Netherlands","NL",5
345,1996,2,"France","FR",7,"Denmark","DK",5
346,1996,2,"France","FR",9,"United Kingdom","UK",1
347,1996,2,"France","FR",11,"Portugal","PT",2
348,1996,2,"France","FR",12,"Spain","ES",1
349,1996,2,"France","FR",13,"Austria","AT",5
350,1996,2,"France","FR",15,"Sweden","SE",2
351,1996,3,"Germany","DE",1,"Belgium","BE",2
352,1996,3,"Germany","DE",2,"France","FR",1
353,1996,3,"Germany","DE",4,"Italy","IT",2
354,1996,3,"Germany","DE",6,"Netherlands","NL",4
355,1996,3,"Germany","DE",7,"Denmark","DK",1
356,1996,3,"Germany","DE",9,"United Kingdom","UK",2
357,1996,3,"Germany","DE",10,"Greece","EL",2
358,1996,3,"Germany","DE",12,"Spain","ES",4
359,1996,3,"Germany","DE",13,"Austria","AT",7
360,1996,3,"Germany","DE",14,"Finland","FI",3
361,1996,3,"Germany","DE",15,"Sweden","SE",3
362,1996,4,"Italy","IT",1,"Belgium","BE",1
363,1996,4,"Italy","IT",3,"Germany","DE",2
364,1996,4,"Italy","IT",6,"Netherlands","NL",1
365,1996,4,"Italy","IT",7,"Denmark","DK",1
366,1996,4,"Italy","IT",8,"Ireland","IE",1
367,1996,4,"Italy","IT",10,"Greece","EL",1
368,1996,4,"Italy","IT",11,"Portugal","PT",2
369,1996,4,"Italy","IT",13,"Austria","AT",2
370,1996,4,"Italy","IT",14,"Finland","FI",3
371,1996,4,"Italy","IT",15,"Sweden","SE",4
372,1996,6,"Netherlands","NL",1,"Belgium","BE",1
373,1996,6,"Netherlands","NL",7,"Denmark","DK",1
374,1996,6,"Netherlands","NL",13,"Austria","AT",2
375,1996,6,"Netherlands","NL",14,"Finland","FI",1
376,1996,6,"Netherlands","NL",15,"Sweden","SE",1
377,1996,7,"Denmark","DK",2,"France","FR",1
378,1996,8,"Ireland","IE",2,"France","FR",1
379,1996,9,"United Kingdom","UK",1,"Belgium","BE",2
380,1996,9,"United Kingdom","UK",2,"France","FR",4
381,1996,9,"United Kingdom","UK",3,"Germany","DE",5
382,1996,9,"United Kingdom","UK",4,"Italy","IT",1
383,1996,9,"United Kingdom","UK",6,"Netherlands","NL",6
384,1996,9,"United Kingdom","UK",7,"Denmark","DK",4
385,1996,9,"United Kingdom","UK",10,"Greece","EL",1
386,1996,9,"United Kingdom","UK",11,"Portugal","PT",3
387,1996,9,"United Kingdom","UK",13,"Austria","AT",2
388,1996,9,"United Kingdom","UK",15,"Sweden","SE",2
389,1996,11,"Portugal","PT",2,"France","FR",2
390,1996,11,"Portugal","PT",15,"Sweden","SE",1
391,1996,12,"Spain","ES",3,"Germany","DE",2
392,1996,12,"Spain","ES",4,"Italy","IT",1
393,1996,12,"Spain","ES",6,"Netherlands","NL",1
394,1996,12,"Spain","ES",7,"Denmark","DK",4
395,1996,12,"Spain","ES",11,"Portugal","PT",2
396,1996,12,"Spain","ES",13,"Austria","AT",2
397,1996,12,"Spain","ES",15,"Sweden","SE",2
398,1996,13,"Austria","AT",2,"France","FR",2
399,1996,13,"Austria","AT",3,"Germany","DE",5
400,1996,13,"Austria","AT",4,"Italy","IT",2
401,1996,14,"Finland","FI",1,"Belgium","BE",1
402,1996,14,"Finland","FI",3,"Germany","DE",1
403,1996,14,"Finland","FI",11,"Portugal","PT",1
404,1996,14,"Finland","FI",15,"Sweden","SE",1
405,1996,34,"Commission","EC",1,"Belgium","BE",2
406,1996,34,"Commission","EC",2,"France","FR",4
407,1996,34,"Commission","EC",3,"Germany","DE",7
408,1996,34,"Commission","EC",4,"Italy","IT",9
409,1996,34,"Commission","EC",6,"Netherlands","NL",10
410,1996,34,"Commission","EC",7,"Denmark","DK",10
411,1996,34,"Commission","EC",8,"Ireland","IE",1
412,1996,34,"Commission","EC",9,"United Kingdom","UK",8
413,1996,34,"Commission","EC",10,"Greece","EL",2
414,1996,34,"Commission","EC",11,"Portugal","PT",12
415,1996,34,"Commission","EC",12,"Spain","ES",6
416,1996,34,"Commission","EC",13,"Austria","AT",12
417,1996,34,"Commission","EC",14,"Finland","FI",9
418,1996,34,"Commission","EC",15,"Sweden","SE",13
419,1997,1,"Belgium","BE",2,"France","FR",1
420,1997,1,"Belgium","BE",4,"Italy","IT",2
421,1997,1,"Belgium","BE",6,"Netherlands","NL",3
422,1997,2,"France","FR",3,"Germany","DE",3
423,1997,2,"France","FR",4,"Italy","IT",4
424,1997,2,"France","FR",6,"Netherlands","NL",8
425,1997,2,"France","FR",7,"Denmark","DK",1
426,1997,2,"France","FR",9,"United Kingdom","UK",2
427,1997,2,"France","FR",12,"Spain","ES",1
428,1997,2,"France","FR",13,"Austria","AT",2
429,1997,3,"Germany","DE",1,"Belgium","BE",1
430,1997,3,"Germany","DE",4,"Italy","IT",3
431,1997,3,"Germany","DE",6,"Netherlands","NL",16
432,1997,3,"Germany","DE",10,"Greece","EL",2
433,1997,3,"Germany","DE",11,"Portugal","PT",1
434,1997,3,"Germany","DE",12,"Spain","ES",2
435,1997,3,"Germany","DE",13,"Austria","AT",7
436,1997,4,"Italy","IT",6,"Netherlands","NL",2
437,1997,6,"Netherlands","NL",2,"France","FR",2
438,1997,6,"Netherlands","NL",4,"Italy","IT",2
439,1997,6,"Netherlands","NL",10,"Greece","EL",2
440,1997,6,"Netherlands","NL",12,"Spain","ES",1
441,1997,6,"Netherlands","NL",13,"Austria","AT",2
442,1997,7,"Denmark","DK",4,"Italy","IT",1
443,1997,8,"Ireland","IE",3,"Germany","DE",1
444,1997,8,"Ireland","IE",13,"Austria","AT",1
445,1997,9,"United Kingdom","UK",2,"France","FR",2
446,1997,9,"United Kingdom","UK",3,"Germany","DE",3
447,1997,9,"United Kingdom","UK",4,"Italy","IT",1
448,1997,9,"United Kingdom","UK",6,"Netherlands","NL",4
449,1997,9,"United Kingdom","UK",10,"Greece","EL",1
450,1997,9,"United Kingdom","UK",13,"Austria","AT",2
451,1997,10,"Greece","EL",12,"Spain","ES",1
452,1997,11,"Portugal","PT",2,"France","FR",1
453,1997,12,"Spain","ES",2,"France","FR",2
454,1997,12,"Spain","ES",3,"Germany","DE",5
455,1997,12,"Spain","ES",4,"Italy","IT",1
456,1997,12,"Spain","ES",6,"Netherlands","NL",2
457,1997,12,"Spain","ES",10,"Greece","EL",1
458,1997,12,"Spain","ES",13,"Austria","AT",2
459,1997,12,"Spain","ES",14,"Finland","FI",1
460,1997,13,"Austria","AT",2,"France","FR",4
461,1997,13,"Austria","AT",3,"Germany","DE",1
462,1997,13,"Austria","AT",6,"Netherlands","NL",2
463,1997,13,"Austria","AT",12,"Spain","ES",1
464,1997,14,"Finland","FI",3,"Germany","DE",1
465,1997,15,"Sweden","SE",3,"Germany","DE",1
466,1997,15,"Sweden","SE",7,"Denmark","DK",1
467,1997,34,"Commission","EC",1,"Belgium","BE",33
468,1997,34,"Commission","EC",2,"France","FR",6
469,1997,34,"Commission","EC",3,"Germany","DE",7
470,1997,34,"Commission","EC",4,"Italy","IT",7
471,1997,34,"Commission","EC",6,"Netherlands","NL",12
472,1997,34,"Commission","EC",7,"Denmark","DK",7
473,1997,34,"Commission","EC",9,"United Kingdom","UK",3
474,1997,34,"Commission","EC",10,"Greece","EL",2
475,1997,34,"Commission","EC",12,"Spain","ES",5
476,1997,34,"Commission","EC",13,"Austria","AT",23
477,1997,34,"Commission","EC",14,"Finland","FI",2
478,1997,34,"Commission","EC",15,"Sweden","SE",5
479,1998,1,"Belgium","BE",2,"France","FR",1
480,1998,1,"Belgium","BE",4,"Italy","IT",1
481,1998,1,"Belgium","BE",6,"Netherlands","NL",1
482,1998,1,"Belgium","BE",7,"Denmark","DK",2
483,1998,1,"Belgium","BE",9,"United Kingdom","UK",1
484,1998,2,"France","FR",1,"Belgium","BE",4
485,1998,2,"France","FR",3,"Germany","DE",1
486,1998,2,"France","FR",4,"Italy","IT",1
487,1998,2,"France","FR",6,"Netherlands","NL",3
488,1998,2,"France","FR",7,"Denmark","DK",2
489,1998,2,"France","FR",9,"United Kingdom","UK",1
490,1998,2,"France","FR",12,"Spain","ES",2
491,1998,3,"Germany","DE",1,"Belgium","BE",2
492,1998,3,"Germany","DE",2,"France","FR",5
493,1998,3,"Germany","DE",4,"Italy","IT",2
494,1998,3,"Germany","DE",6,"Netherlands","NL",6
495,1998,3,"Germany","DE",7,"Denmark","DK",6
496,1998,3,"Germany","DE",9,"United Kingdom","UK",1
497,1998,3,"Germany","DE",11,"Portugal","PT",1
498,1998,3,"Germany","DE",13,"Austria","AT",2
499,1998,3,"Germany","DE",15,"Sweden","SE",1
500,1998,4,"Italy","IT",1,"Belgium","BE",4
501,1998,4,"Italy","IT",6,"Netherlands","NL",1
502,1998,4,"Italy","IT",7,"Denmark","DK",1
503,1998,4,"Italy","IT",9,"United Kingdom","UK",1
504,1998,6,"Netherlands","NL",1,"Belgium","BE",3
505,1998,6,"Netherlands","NL",2,"France","FR",4
506,1998,6,"Netherlands","NL",3,"Germany","DE",3
507,1998,6,"Netherlands","NL",4,"Italy","IT",1
508,1998,7,"Denmark","DK",2,"France","FR",2
509,1998,7,"Denmark","DK",3,"Germany","DE",1
510,1998,8,"Ireland","IE",2,"France","FR",1
511,1998,8,"Ireland","IE",7,"Denmark","DK",1
512,1998,9,"United Kingdom","UK",1,"Belgium","BE",1
513,1998,9,"United Kingdom","UK",2,"France","FR",1
514,1998,9,"United Kingdom","UK",3,"Germany","DE",1
515,1998,9,"United Kingdom","UK",4,"Italy","IT",1
516,1998,9,"United Kingdom","UK",6,"Netherlands","NL",6
517,1998,9,"United Kingdom","UK",7,"Denmark","DK",3
518,1998,11,"Portugal","PT",1,"Belgium","BE",1
519,1998,11,"Portugal","PT",2,"France","FR",1
520,1998,11,"Portugal","PT",4,"Italy","IT",1
521,1998,11,"Portugal","PT",6,"Netherlands","NL",1
522,1998,11,"Portugal","PT",7,"Denmark","DK",1
523,1998,12,"Spain","ES",2,"France","FR",4
524,1998,12,"Spain","ES",3,"Germany","DE",2
525,1998,12,"Spain","ES",4,"Italy","IT",1
526,1998,12,"Spain","ES",6,"Netherlands","NL",1
527,1998,12,"Spain","ES",7,"Denmark","DK",1
528,1998,12,"Spain","ES",9,"United Kingdom","UK",1
529,1998,12,"Spain","ES",15,"Sweden","SE",2
530,1998,13,"Austria","AT",2,"France","FR",1
531,1998,13,"Austria","AT",3,"Germany","DE",1
532,1998,13,"Austria","AT",6,"Netherlands","NL",1
533,1998,13,"Austria","AT",9,"United Kingdom","UK",1
534,1998,13,"Austria","AT",15,"Sweden","SE",1
535,1998,14,"Finland","FI",2,"France","FR",1
536,1998,14,"Finland","FI",3,"Germany","DE",1
537,1998,14,"Finland","FI",6,"Netherlands","NL",1
538,1998,14,"Finland","FI",9,"United Kingdom","UK",1
539,1998,15,"Sweden","SE",3,"Germany","DE",1
540,1998,15,"Sweden","SE",6,"Netherlands","NL",1
541,1998,34,"Commission","EC",1,"Belgium","BE",7
542,1998,34,"Commission","EC",2,"France","FR",7
543,1998,34,"Commission","EC",3,"Germany","DE",6
544,1998,34,"Commission","EC",4,"Italy","IT",4
545,1998,34,"Commission","EC",6,"Netherlands","NL",4
546,1998,34,"Commission","EC",7,"Denmark","DK",5
547,1998,34,"Commission","EC",9,"United Kingdom","UK",1
548,1998,34,"Commission","EC",10,"Greece","EL",1
549,1998,34,"Commission","EC",11,"Portugal","PT",1
550,1998,34,"Commission","EC",12,"Spain","ES",3
551,1998,34,"Commission","EC",13,"Austria","AT",19
552,1998,34,"Commission","EC",14,"Finland","FI",2
553,1998,34,"Commission","EC",15,"Sweden","SE",3
554,1999,1,"Belgium","BE",6,"Netherlands","NL",1
555,1999,1,"Belgium","BE",9,"United Kingdom","UK",1
556,1999,2,"France","FR",1,"Belgium","BE",3
557,1999,2,"France","FR",3,"Germany","DE",3
558,1999,2,"France","FR",4,"Italy","IT",4
559,1999,2,"France","FR",6,"Netherlands","NL",1
560,1999,2,"France","FR",9,"United Kingdom","UK",2
561,1999,2,"France","FR",13,"Austria","AT",2
562,1999,3,"Germany","DE",1,"Belgium","BE",1
563,1999,3,"Germany","DE",2,"France","FR",3
564,1999,3,"Germany","DE",4,"Italy","IT",2
565,1999,3,"Germany","DE",6,"Netherlands","NL",6
566,1999,3,"Germany","DE",7,"Denmark","DK",2
567,1999,3,"Germany","DE",9,"United Kingdom","UK",3
568,1999,3,"Germany","DE",11,"Portugal","PT",1
569,1999,3,"Germany","DE",12,"Spain","ES",1
570,1999,3,"Germany","DE",13,"Austria","AT",2
571,1999,3,"Germany","DE",14,"Finland","FI",3
572,1999,3,"Germany","DE",15,"Sweden","SE",1
573,1999,4,"Italy","IT",10,"Greece","EL",1
574,1999,6,"Netherlands","NL",1,"Belgium","BE",1
575,1999,6,"Netherlands","NL",2,"France","FR",2
576,1999,6,"Netherlands","NL",3,"Germany","DE",2
577,1999,6,"Netherlands","NL",4,"Italy","IT",2
578,1999,6,"Netherlands","NL",7,"Denmark","DK",1
579,1999,6,"Netherlands","NL",13,"Austria","AT",1
580,1999,7,"Denmark","DK",1,"Belgium","BE",1
581,1999,7,"Denmark","DK",6,"Netherlands","NL",1
582,1999,8,"Ireland","IE",1,"Belgium","BE",1
583,1999,8,"Ireland","IE",6,"Netherlands","NL",1
584,1999,9,"United Kingdom","UK",1,"Belgium","BE",1
585,1999,9,"United Kingdom","UK",2,"France","FR",2
586,1999,9,"United Kingdom","UK",4,"Italy","IT",1
587,1999,9,"United Kingdom","UK",6,"Netherlands","NL",3
588,1999,9,"United Kingdom","UK",13,"Austria","AT",1
589,1999,11,"Portugal","PT",1,"Belgium","BE",1
590,1999,11,"Portugal","PT",6,"Netherlands","NL",2
591,1999,12,"Spain","ES",1,"Belgium","BE",1
592,1999,12,"Spain","ES",2,"France","FR",2
593,1999,12,"Spain","ES",3,"Germany","DE",2
594,1999,12,"Spain","ES",4,"Italy","IT",3
595,1999,12,"Spain","ES",6,"Netherlands","NL",3
596,1999,12,"Spain","ES",7,"Denmark","DK",2
597,1999,12,"Spain","ES",13,"Austria","AT",1
598,1999,12,"Spain","ES",14,"Finland","FI",1
599,1999,13,"Austria","AT",1,"Belgium","BE",1
600,1999,13,"Austria","AT",4,"Italy","IT",2
601,1999,13,"Austria","AT",14,"Finland","FI",1
602,1999,14,"Finland","FI",1,"Belgium","BE",2
603,1999,15,"Sweden","SE",1,"Belgium","BE",1
604,1999,15,"Sweden","SE",2,"France","FR",1
605,1999,34,"Commission","EC",1,"Belgium","BE",4
606,1999,34,"Commission","EC",2,"France","FR",8
607,1999,34,"Commission","EC",3,"Germany","DE",3
608,1999,34,"Commission","EC",4,"Italy","IT",5
609,1999,34,"Commission","EC",6,"Netherlands","NL",3
610,1999,34,"Commission","EC",7,"Denmark","DK",5
611,1999,34,"Commission","EC",9,"United Kingdom","UK",1
612,1999,34,"Commission","EC",10,"Greece","EL",1
613,1999,34,"Commission","EC",11,"Portugal","PT",2
614,1999,34,"Commission","EC",13,"Austria","AT",4
615,1999,34,"Commission","EC",14,"Finland","FI",3
616,1999,34,"Commission","EC",15,"Sweden","SE",4
617,2000,1,"Belgium","BE",7,"Denmark","DK",1
618,2000,2,"France","FR",1,"Belgium","BE",1
619,2000,2,"France","FR",3,"Germany","DE",1
620,2000,2,"France","FR",4,"Italy","IT",1
621,2000,2,"France","FR",6,"Netherlands","NL",3
622,2000,2,"France","FR",7,"Denmark","DK",1
623,2000,2,"France","FR",11,"Portugal","PT",1
624,2000,2,"France","FR",13,"Austria","AT",1
625,2000,2,"France","FR",14,"Finland","FI",1
626,2000,2,"France","FR",15,"Sweden","SE",1
627,2000,3,"Germany","DE",1,"Belgium","BE",2
628,2000,3,"Germany","DE",2,"France","FR",2
629,2000,3,"Germany","DE",4,"Italy","IT",2
630,2000,3,"Germany","DE",6,"Netherlands","NL",7
631,2000,3,"Germany","DE",7,"Denmark","DK",3
632,2000,3,"Germany","DE",8,"Ireland","IE",1
633,2000,3,"Germany","DE",9,"United Kingdom","UK",2
634,2000,3,"Germany","DE",10,"Greece","EL",1
635,2000,3,"Germany","DE",11,"Portugal","PT",1
636,2000,3,"Germany","DE",12,"Spain","ES",1
637,2000,3,"Germany","DE",13,"Austria","AT",3
638,2000,3,"Germany","DE",15,"Sweden","SE",2
639,2000,4,"Italy","IT",2,"France","FR",1
640,2000,4,"Italy","IT",10,"Greece","EL",1
641,2000,4,"Italy","IT",11,"Portugal","PT",1
642,2000,4,"Italy","IT",12,"Spain","ES",1
643,2000,6,"Netherlands","NL",2,"France","FR",1
644,2000,6,"Netherlands","NL",3,"Germany","DE",1
645,2000,6,"Netherlands","NL",4,"Italy","IT",1
646,2000,6,"Netherlands","NL",8,"Ireland","IE",1
647,2000,6,"Netherlands","NL",9,"United Kingdom","UK",1
648,2000,6,"Netherlands","NL",12,"Spain","ES",1
649,2000,6,"Netherlands","NL",13,"Austria","AT",1
650,2000,7,"Denmark","DK",3,"Germany","DE",1
651,2000,8,"Ireland","IE",2,"France","FR",2
652,2000,8,"Ireland","IE",4,"Italy","IT",1
653,2000,8,"Ireland","IE",6,"Netherlands","NL",4
654,2000,8,"Ireland","IE",7,"Denmark","DK",2
655,2000,8,"Ireland","IE",13,"Austria","AT",1
656,2000,9,"United Kingdom","UK",1,"Belgium","BE",3
657,2000,9,"United Kingdom","UK",2,"France","FR",2
658,2000,9,"United Kingdom","UK",4,"Italy","IT",1
659,2000,9,"United Kingdom","UK",6,"Netherlands","NL",3
660,2000,9,"United Kingdom","UK",7,"Denmark","DK",1
661,2000,9,"United Kingdom","UK",13,"Austria","AT",1
662,2000,9,"United Kingdom","UK",15,"Sweden","SE",1
663,2000,11,"Portugal","PT",6,"Netherlands","NL",1
664,2000,12,"Spain","ES",1,"Belgium","BE",1
665,2000,12,"Spain","ES",2,"France","FR",5
666,2000,12,"Spain","ES",4,"Italy","IT",1
667,2000,12,"Spain","ES",6,"Netherlands","NL",3
668,2000,12,"Spain","ES",10,"Greece","EL",2
669,2000,12,"Spain","ES",13,"Austria","AT",1
670,2000,13,"Austria","AT",2,"France","FR",1
671,2000,13,"Austria","AT",7,"Denmark","DK",1
672,2000,13,"Austria","AT",11,"Portugal","PT",1
673,2000,13,"Austria","AT",15,"Sweden","SE",1
674,2000,14,"Finland","FI",1,"Belgium","BE",1
675,2000,14,"Finland","FI",15,"Sweden","SE",1
676,2000,15,"Sweden","SE",9,"United Kingdom","UK",1
677,2000,34,"Commission","EC",1,"Belgium","BE",12
678,2000,34,"Commission","EC",2,"France","FR",1
679,2000,34,"Commission","EC",3,"Germany","DE",6
680,2000,34,"Commission","EC",4,"Italy","IT",4
681,2000,34,"Commission","EC",6,"Netherlands","NL",12
682,2000,34,"Commission","EC",7,"Denmark","DK",2
683,2000,34,"Commission","EC",9,"United Kingdom","UK",1
684,2000,34,"Commission","EC",10,"Greece","EL",3
685,2000,34,"Commission","EC",12,"Spain","ES",2
686,2000,34,"Commission","EC",13,"Austria","AT",5
687,2000,34,"Commission","EC",15,"Sweden","SE",2
688,2001,1,"Belgium","BE",7,"Denmark","DK",1
689,2001,1,"Belgium","BE",8,"Ireland","IE",1
690,2001,2,"France","FR",1,"Belgium","BE",2
691,2001,2,"France","FR",3,"Germany","DE",2
692,2001,2,"France","FR",4,"Italy","IT",2
693,2001,2,"France","FR",6,"Netherlands","NL",2
694,2001,2,"France","FR",7,"Denmark","DK",1
695,2001,2,"France","FR",12,"Spain","ES",1
696,2001,2,"France","FR",13,"Austria","AT",5
697,2001,3,"Germany","DE",2,"France","FR",1
698,2001,3,"Germany","DE",6,"Netherlands","NL",7
699,2001,3,"Germany","DE",7,"Denmark","DK",2
700,2001,3,"Germany","DE",9,"United Kingdom","UK",1
701,2001,3,"Germany","DE",10,"Greece","EL",1
702,2001,3,"Germany","DE",11,"Portugal","PT",1
703,2001,3,"Germany","DE",12,"Spain","ES",2
704,2001,3,"Germany","DE",13,"Austria","AT",7
705,2001,3,"Germany","DE",14,"Finland","FI",1
706,2001,4,"Italy","IT",3,"Germany","DE",2
707,2001,4,"Italy","IT",6,"Netherlands","NL",1
708,2001,4,"Italy","IT",7,"Denmark","DK",1
709,2001,4,"Italy","IT",11,"Portugal","PT",1
710,2001,4,"Italy","IT",15,"Sweden","SE",1
711,2001,5,"Luxembourg","LU",1,"Belgium","BE",1
712,2001,5,"Luxembourg","LU",3,"Germany","DE",1
713,2001,5,"Luxembourg","LU",6,"Netherlands","NL",1
714,2001,6,"Netherlands","NL",2,"France","FR",1
715,2001,6,"Netherlands","NL",3,"Germany","DE",2
716,2001,6,"Netherlands","NL",4,"Italy","IT",2
717,2001,6,"Netherlands","NL",7,"Denmark","DK",2
718,2001,6,"Netherlands","NL",11,"Portugal","PT",1
719,2001,9,"United Kingdom","UK",3,"Germany","DE",1
720,2001,9,"United Kingdom","UK",4,"Italy","IT",1
721,2001,9,"United Kingdom","UK",6,"Netherlands","NL",3
722,2001,9,"United Kingdom","UK",7,"Denmark","DK",1
723,2001,9,"United Kingdom","UK",13,"Austria","AT",2
724,2001,10,"Greece","EL",6,"Netherlands","NL",1
725,2001,11,"Portugal","PT",3,"Germany","DE",1
726,2001,11,"Portugal","PT",6,"Netherlands","NL",1
727,2001,12,"Spain","ES",2,"France","FR",1
728,2001,12,"Spain","ES",3,"Germany","DE",1
729,2001,12,"Spain","ES",6,"Netherlands","NL",2
730,2001,12,"Spain","ES",7,"Denmark","DK",3
731,2001,12,"Spain","ES",13,"Austria","AT",1
732,2001,13,"Austria","AT",2,"France","FR",2
733,2001,13,"Austria","AT",3,"Germany","DE",2
734,2001,13,"Austria","AT",4,"Italy","IT",1
735,2001,14,"Finland","FI",2,"France","FR",1
736,2001,14,"Finland","FI",6,"Netherlands","NL",3
737,2001,14,"Finland","FI",13,"Austria","AT",1
738,2001,15,"Sweden","SE",1,"Belgium","BE",1
739,2001,15,"Sweden","SE",13,"Austria","AT",1
740,2001,34,"Commission","EC",1,"Belgium","BE",4
741,2001,34,"Commission","EC",2,"France","FR",4
742,2001,34,"Commission","EC",3,"Germany","DE",7
743,2001,34,"Commission","EC",4,"Italy","IT",7
744,2001,34,"Commission","EC",6,"Netherlands","NL",7
745,2001,34,"Commission","EC",7,"Denmark","DK",7
746,2001,34,"Commission","EC",9,"United Kingdom","UK",3
747,2001,34,"Commission","EC",11,"Portugal","PT",1
748,2001,34,"Commission","EC",12,"Spain","ES",1
749,2001,34,"Commission","EC",13,"Austria","AT",12
750,2001,34,"Commission","EC",14,"Finland","FI",3
751,2001,34,"Commission","EC",15,"Sweden","SE",4
752,2002,1,"Belgium","BE",2,"France","FR",1
753,2002,1,"Belgium","BE",3,"Germany","DE",2
754,2002,1,"Belgium","BE",7,"Denmark","DK",2
755,2002,1,"Belgium","BE",13,"Austria","AT",1
756,2002,2,"France","FR",1,"Belgium","BE",1
757,2002,2,"France","FR",3,"Germany","DE",2
758,2002,2,"France","FR",6,"Netherlands","NL",5
759,2002,2,"France","FR",7,"Denmark","DK",3
760,2002,2,"France","FR",12,"Spain","ES",2
761,2002,2,"France","FR",13,"Austria","AT",1
762,2002,3,"Germany","DE",1,"Belgium","BE",5
763,2002,3,"Germany","DE",2,"France","FR",4
764,2002,3,"Germany","DE",4,"Italy","IT",2
765,2002,3,"Germany","DE",6,"Netherlands","NL",1
766,2002,3,"Germany","DE",7,"Denmark","DK",1
767,2002,3,"Germany","DE",9,"United Kingdom","UK",2
768,2002,3,"Germany","DE",12,"Spain","ES",2
769,2002,3,"Germany","DE",13,"Austria","AT",1
770,2002,3,"Germany","DE",15,"Sweden","SE",3
771,2002,4,"Italy","IT",1,"Belgium","BE",3
772,2002,4,"Italy","IT",12,"Spain","ES",1
773,2002,4,"Italy","IT",13,"Austria","AT",1
774,2002,5,"Luxembourg","LU",8,"Ireland","IE",1
775,2002,6,"Netherlands","NL",1,"Belgium","BE",4
776,2002,6,"Netherlands","NL",2,"France","FR",2
777,2002,6,"Netherlands","NL",3,"Germany","DE",1
778,2002,6,"Netherlands","NL",4,"Italy","IT",2
779,2002,6,"Netherlands","NL",7,"Denmark","DK",2
780,2002,6,"Netherlands","NL",13,"Austria","AT",1
781,2002,6,"Netherlands","NL",14,"Finland","FI",1
782,2002,7,"Denmark","DK",2,"France","FR",1
783,2002,7,"Denmark","DK",3,"Germany","DE",1
784,2002,8,"Ireland","IE",3,"Germany","DE",1
785,2002,9,"United Kingdom","UK",1,"Belgium","BE",1
786,2002,9,"United Kingdom","UK",2,"France","FR",4
787,2002,9,"United Kingdom","UK",3,"Germany","DE",3
788,2002,9,"United Kingdom","UK",4,"Italy","IT",1
789,2002,9,"United Kingdom","UK",6,"Netherlands","NL",2
790,2002,9,"United Kingdom","UK",7,"Denmark","DK",2
791,2002,9,"United Kingdom","UK",12,"Spain","ES",2
792,2002,9,"United Kingdom","UK",14,"Finland","FI",1
793,2002,11,"Portugal","PT",1,"Belgium","BE",3
794,2002,11,"Portugal","PT",7,"Denmark","DK",1
795,2002,12,"Spain","ES",1,"Belgium","BE",3
796,2002,12,"Spain","ES",2,"France","FR",1
797,2002,12,"Spain","ES",3,"Germany","DE",4
798,2002,12,"Spain","ES",4,"Italy","IT",2
799,2002,12,"Spain","ES",6,"Netherlands","NL",1
800,2002,12,"Spain","ES",7,"Denmark","DK",3
801,2002,12,"Spain","ES",13,"Austria","AT",2
802,2002,13,"Austria","AT",1,"Belgium","BE",2
803,2002,13,"Austria","AT",2,"France","FR",1
804,2002,13,"Austria","AT",6,"Netherlands","NL",2
805,2002,13,"Austria","AT",7,"Denmark","DK",1
806,2002,13,"Austria","AT",10,"Greece","EL",1
807,2002,14,"Finland","FI",2,"France","FR",2
808,2002,14,"Finland","FI",3,"Germany","DE",1
809,2002,15,"Sweden","SE",3,"Germany","DE",1
810,2002,15,"Sweden","SE",7,"Denmark","DK",1
811,2002,34,"Commission","EC",1,"Belgium","BE",10
812,2002,34,"Commission","EC",2,"France","FR",4
813,2002,34,"Commission","EC",3,"Germany","DE",4
814,2002,34,"Commission","EC",4,"Italy","IT",11
815,2002,34,"Commission","EC",6,"Netherlands","NL",8
816,2002,34,"Commission","EC",7,"Denmark","DK",3
817,2002,34,"Commission","EC",9,"United Kingdom","UK",7
818,2002,34,"Commission","EC",10,"Greece","EL",5
819,2002,34,"Commission","EC",12,"Spain","ES",6
820,2002,34,"Commission","EC",13,"Austria","AT",4
821,2002,34,"Commission","EC",14,"Finland","FI",1
822,2002,34,"Commission","EC",15,"Sweden","SE",7
823,2003,1,"Belgium","BE",3,"Germany","DE",2
824,2003,1,"Belgium","BE",4,"Italy","IT",1
825,2003,1,"Belgium","BE",11,"Portugal","PT",1
826,2003,2,"France","FR",3,"Germany","DE",1
827,2003,2,"France","FR",4,"Italy","IT",3
828,2003,2,"France","FR",6,"Netherlands","NL",2
829,2003,2,"France","FR",7,"Denmark","DK",6
830,2003,2,"France","FR",10,"Greece","EL",1
831,2003,2,"France","FR",13,"Austria","AT",1
832,2003,3,"Germany","DE",2,"France","FR",1
833,2003,3,"Germany","DE",4,"Italy","IT",2
834,2003,3,"Germany","DE",5,"Luxembourg","LU",1
835,2003,3,"Germany","DE",8,"Ireland","IE",1
836,2003,3,"Germany","DE",13,"Austria","AT",1
837,2003,3,"Germany","DE",14,"Finland","FI",1
838,2003,4,"Italy","IT",2,"France","FR",1
839,2003,4,"Italy","IT",3,"Germany","DE",2
840,2003,5,"Luxembourg","LU",3,"Germany","DE",1
841,2003,6,"Netherlands","NL",1,"Belgium","BE",1
842,2003,6,"Netherlands","NL",2,"France","FR",1
843,2003,6,"Netherlands","NL",3,"Germany","DE",4
844,2003,6,"Netherlands","NL",4,"Italy","IT",1
845,2003,9,"United Kingdom","UK",2,"France","FR",1
846,2003,9,"United Kingdom","UK",3,"Germany","DE",2
847,2003,9,"United Kingdom","UK",7,"Denmark","DK",1
848,2003,9,"United Kingdom","UK",10,"Greece","EL",1
849,2003,11,"Portugal","PT",3,"Germany","DE",1
850,2003,12,"Spain","ES",1,"Belgium","BE",1
851,2003,12,"Spain","ES",2,"France","FR",1
852,2003,12,"Spain","ES",3,"Germany","DE",3
853,2003,12,"Spain","ES",6,"Netherlands","NL",1
854,2003,12,"Spain","ES",7,"Denmark","DK",3
855,2003,12,"Spain","ES",9,"United Kingdom","UK",3
856,2003,12,"Spain","ES",13,"Austria","AT",1
857,2003,13,"Austria","AT",3,"Germany","DE",1
858,2003,13,"Austria","AT",4,"Italy","IT",1
859,2003,13,"Austria","AT",8,"Ireland","IE",1
860,2003,34,"Commission","EC",1,"Belgium","BE",1
861,2003,34,"Commission","EC",2,"France","FR",13
862,2003,34,"Commission","EC",3,"Germany","DE",9
863,2003,34,"Commission","EC",4,"Italy","IT",11
864,2003,34,"Commission","EC",5,"Luxembourg","LU",3
865,2003,34,"Commission","EC",6,"Netherlands","NL",2
866,2003,34,"Commission","EC",7,"Denmark","DK",9
867,2003,34,"Commission","EC",9,"United Kingdom","UK",3
868,2003,34,"Commission","EC",10,"Greece","EL",4
869,2003,34,"Commission","EC",11,"Portugal","PT",2
870,2003,34,"Commission","EC",12,"Spain","ES",18
871,2003,34,"Commission","EC",13,"Austria","AT",2
872,2003,34,"Commission","EC",15,"Sweden","SE",3
873,2004,1,"Belgium","BE",2,"France","FR",1
874,2004,1,"Belgium","BE",3,"Germany","DE",2
875,2004,1,"Belgium","BE",4,"Italy","IT",1
876,2004,1,"Belgium","BE",6,"Netherlands","NL",1
877,2004,2,"France","FR",3,"Germany","DE",3
878,2004,2,"France","FR",12,"Spain","ES",1
879,2004,2,"France","FR",17,"Czech Republic","CZ",1
880,2004,2,"France","FR",20,"Latvia","LV",1
881,2004,3,"Germany","DE",6,"Netherlands","NL",2
882,2004,3,"Germany","DE",7,"Denmark","DK",1
883,2004,3,"Germany","DE",8,"Ireland","IE",1
884,2004,3,"Germany","DE",12,"Spain","ES",1
885,2004,3,"Germany","DE",13,"Austria","AT",2
886,2004,3,"Germany","DE",14,"Finland","FI",2
887,2004,3,"Germany","DE",25,"Slovenia","SI",1
888,2004,4,"Italy","IT",1,"Belgium","BE",2
889,2004,4,"Italy","IT",2,"France","FR",1
890,2004,4,"Italy","IT",3,"Germany","DE",2
891,2004,4,"Italy","IT",9,"United Kingdom","UK",1
892,2004,4,"Italy","IT",12,"Spain","ES",1
893,2004,4,"Italy","IT",15,"Sweden","SE",1
894,2004,4,"Italy","IT",20,"Latvia","LV",1
895,2004,5,"Luxembourg","LU",3,"Germany","DE",1
896,2004,6,"Netherlands","NL",3,"Germany","DE",1
897,2004,6,"Netherlands","NL",4,"Italy","IT",2
898,2004,7,"Denmark","DK",1,"Belgium","BE",2
899,2004,7,"Denmark","DK",3,"Germany","DE",2
900,2004,8,"Ireland","IE",3,"Germany","DE",1
901,2004,9,"United Kingdom","UK",3,"Germany","DE",2
902,2004,9,"United Kingdom","UK",4,"Italy","IT",1
903,2004,12,"Spain","ES",3,"Germany","DE",2
904,2004,12,"Spain","ES",4,"Italy","IT",3
905,2004,12,"Spain","ES",6,"Netherlands","NL",1
906,2004,12,"Spain","ES",15,"Sweden","SE",1
907,2004,13,"Austria","AT",3,"Germany","DE",3
908,2004,13,"Austria","AT",6,"Netherlands","NL",1
909,2004,14,"Finland","FI",6,"Netherlands","NL",1
910,2004,15,"Sweden","SE",6,"Netherlands","NL",1
911,2004,19,"Hungary","HU",13,"Austria","AT",1
912,2004,24,"Slovakia","SK",4,"Italy","IT",2
913,2004,25,"Slovenia","SI",4,"Italy","IT",1
914,2004,25,"Slovenia","SI",17,"Czech Republic","CZ",1
915,2004,25,"Slovenia","SI",24,"Slovakia","SK",1
916,2004,34,"Commission","EC",1,"Belgium","BE",4
917,2004,34,"Commission","EC",2,"France","FR",2
918,2004,34,"Commission","EC",3,"Germany","DE",13
919,2004,34,"Commission","EC",4,"Italy","IT",5
920,2004,34,"Commission","EC",5,"Luxembourg","LU",1
921,2004,34,"Commission","EC",6,"Netherlands","NL",3
922,2004,34,"Commission","EC",7,"Denmark","DK",2
923,2004,34,"Commission","EC",9,"United Kingdom","UK",6
924,2004,34,"Commission","EC",10,"Greece","EL",5
925,2004,34,"Commission","EC",11,"Portugal","PT",1
926,2004,34,"Commission","EC",12,"Spain","ES",2
927,2004,34,"Commission","EC",13,"Austria","AT",4
928,2004,34,"Commission","EC",14,"Finland","FI",3
929,2004,34,"Commission","EC",15,"Sweden","SE",2
930,2004,34,"Commission","EC",16,"Cyprus","CY",1
931,2004,34,"Commission","EC",17,"Czech Republic","CZ",3
932,2004,34,"Commission","EC",20,"Latvia","LV",4
933,2004,34,"Commission","EC",22,"Malta","MT",1
934,2004,34,"Commission","EC",23,"Poland","PL",1
935,2004,34,"Commission","EC",24,"Slovakia","SK",1
936,2004,34,"Commission","EC",25,"Slovenia","SI",2
937,2005,1,"Belgium","BE",2,"France","FR",1
938,2005,1,"Belgium","BE",3,"Germany","DE",1
939,2005,1,"Belgium","BE",4,"Italy","IT",1
940,2005,1,"Belgium","BE",6,"Netherlands","NL",1
941,2005,1,"Belgium","BE",7,"Denmark","DK",1
942,2005,1,"Belgium","BE",10,"Greece","EL",1
943,2005,2,"France","FR",3,"Germany","DE",2
944,2005,2,"France","FR",4,"Italy","IT",1
945,2005,2,"France","FR",6,"Netherlands","NL",2
946,2005,2,"France","FR",7,"Denmark","DK",1
947,2005,2,"France","FR",9,"United Kingdom","UK",1
948,2005,2,"France","FR",12,"Spain","ES",2
949,2005,2,"France","FR",24,"Slovakia","SK",1
950,2005,3,"Germany","DE",1,"Belgium","BE",1
951,2005,3,"Germany","DE",4,"Italy","IT",2
952,2005,3,"Germany","DE",7,"Denmark","DK",1
953,2005,3,"Germany","DE",9,"United Kingdom","UK",1
954,2005,3,"Germany","DE",12,"Spain","ES",1
955,2005,4,"Italy","IT",13,"Austria","AT",1
956,2005,5,"Luxembourg","LU",19,"Hungary","HU",1
957,2005,6,"Netherlands","NL",4,"Italy","IT",1
958,2005,6,"Netherlands","NL",19,"Hungary","HU",1
959,2005,6,"Netherlands","NL",24,"Slovakia","SK",1
960,2005,7,"Denmark","DK",2,"France","FR",1
961,2005,7,"Denmark","DK",4,"Italy","IT",1
962,2005,7,"Denmark","DK",24,"Slovakia","SK",1
963,2005,8,"Ireland","IE",2,"France","FR",1
964,2005,9,"United Kingdom","UK",2,"France","FR",1
965,2005,9,"United Kingdom","UK",5,"Luxembourg","LU",1
966,2005,9,"United Kingdom","UK",10,"Greece","EL",1
967,2005,9,"United Kingdom","UK",15,"Sweden","SE",1
968,2005,12,"Spain","ES",1,"Belgium","BE",1
969,2005,12,"Spain","ES",2,"France","FR",1
970,2005,12,"Spain","ES",4,"Italy","IT",1
971,2005,12,"Spain","ES",17,"Czech Republic","CZ",2
972,2005,13,"Austria","AT",3,"Germany","DE",1
973,2005,13,"Austria","AT",4,"Italy","IT",1
974,2005,17,"Czech Republic","CZ",2,"France","FR",1
975,2005,17,"Czech Republic","CZ",24,"Slovakia","SK",1
976,2005,25,"Slovenia","SI",17,"Czech Republic","CZ",1
977,2005,34,"Commission","EC",1,"Belgium","BE",3
978,2005,34,"Commission","EC",2,"France","FR",3
979,2005,34,"Commission","EC",3,"Germany","DE",3
980,2005,34,"Commission","EC",4,"Italy","IT",16
981,2005,34,"Commission","EC",5,"Luxembourg","LU",2
982,2005,34,"Commission","EC",6,"Netherlands","NL",3
983,2005,34,"Commission","EC",7,"Denmark","DK",2
984,2005,34,"Commission","EC",9,"United Kingdom","UK",4
985,2005,34,"Commission","EC",10,"Greece","EL",3
986,2005,34,"Commission","EC",11,"Portugal","PT",1
987,2005,34,"Commission","EC",12,"Spain","ES",3
988,2005,34,"Commission","EC",13,"Austria","AT",6
989,2005,34,"Commission","EC",15,"Sweden","SE",5
990,2005,34,"Commission","EC",17,"Czech Republic","CZ",5
991,2005,34,"Commission","EC",18,"Estonia","EE",3
992,2005,34,"Commission","EC",19,"Hungary","HU",2
993,2005,34,"Commission","EC",20,"Latvia","LV",1
994,2005,34,"Commission","EC",21,"Lithuania","LT",3
995,2005,34,"Commission","EC",23,"Poland","PL",2
996,2005,34,"Commission","EC",24,"Slovakia","SK",4
997,2005,34,"Commission","EC",25,"Slovenia","SI",3
998,2006,1,"Belgium","BE",2,"France","FR",1
999,2006,1,"Belgium","BE",6,"Netherlands","NL",1
1000,2006,2,"France","FR",6,"Netherlands","NL",1
1001,2006,2,"France","FR",15,"Sweden","SE",1
1002,2006,3,"Germany","DE",2,"France","FR",1
1003,2006,3,"Germany","DE",4,"Italy","IT",1
1004,2006,3,"Germany","DE",7,"Denmark","DK",1
1005,2006,3,"Germany","DE",13,"Austria","AT",2
1006,2006,3,"Germany","DE",23,"Poland","PL",3
1007,2006,4,"Italy","IT",2,"France","FR",1
1008,2006,4,"Italy","IT",9,"United Kingdom","UK",4
1009,2006,4,"Italy","IT",24,"Slovakia","SK",1
1010,2006,5,"Luxembourg","LU",6,"Netherlands","NL",1
1011,2006,6,"Netherlands","NL",11,"Portugal","PT",1
1012,2006,6,"Netherlands","NL",12,"Spain","ES",1
1013,2006,7,"Denmark","DK",6,"Netherlands","NL",1
1014,2006,7,"Denmark","DK",21,"Lithuania","LT",1
1015,2006,9,"United Kingdom","UK",2,"France","FR",1
1016,2006,9,"United Kingdom","UK",3,"Germany","DE",3
1017,2006,9,"United Kingdom","UK",6,"Netherlands","NL",1
1018,2006,9,"United Kingdom","UK",14,"Finland","FI",1
1019,2006,11,"Portugal","PT",14,"Finland","FI",1
1020,2006,12,"Spain","ES",3,"Germany","DE",1
1021,2006,12,"Spain","ES",7,"Denmark","DK",1
1022,2006,12,"Spain","ES",9,"United Kingdom","UK",2
1023,2006,12,"Spain","ES",10,"Greece","EL",1
1024,2006,12,"Spain","ES",14,"Finland","FI",1
1025,2006,13,"Austria","AT",1,"Belgium","BE",1
1026,2006,13,"Austria","AT",2,"France","FR",2
1027,2006,13,"Austria","AT",3,"Germany","DE",2
1028,2006,13,"Austria","AT",17,"Czech Republic","CZ",1
1029,2006,13,"Austria","AT",24,"Slovakia","SK",1
1030,2006,13,"Austria","AT",25,"Slovenia","SI",1
1031,2006,18,"Estonia","EE",21,"Lithuania","LT",1
1032,2006,19,"Hungary","HU",23,"Poland","PL",1
1033,2006,19,"Hungary","HU",24,"Slovakia","SK",1
1034,2006,22,"Malta","MT",4,"Italy","IT",1
1035,2006,23,"Poland","PL",17,"Czech Republic","CZ",1
1036,2006,23,"Poland","PL",19,"Hungary","HU",1
1037,2006,24,"Slovakia","SK",15,"Sweden","SE",1
1038,2006,24,"Slovakia","SK",23,"Poland","PL",1
1039,2006,34,"Commission","EC",1,"Belgium","BE",6
1040,2006,34,"Commission","EC",2,"France","FR",11
1041,2006,34,"Commission","EC",3,"Germany","DE",8
1042,2006,34,"Commission","EC",4,"Italy","IT",1
1043,2006,34,"Commission","EC",6,"Netherlands","NL",1
1044,2006,34,"Commission","EC",9,"United Kingdom","UK",6
1045,2006,34,"Commission","EC",10,"Greece","EL",1
1046,2006,34,"Commission","EC",11,"Portugal","PT",2
1047,2006,34,"Commission","EC",12,"Spain","ES",2
1048,2006,34,"Commission","EC",13,"Austria","AT",3
1049,2006,34,"Commission","EC",15,"Sweden","SE",2
1050,2006,34,"Commission","EC",17,"Czech Republic","CZ",2
1051,2006,34,"Commission","EC",19,"Hungary","HU",2
1052,2006,34,"Commission","EC",20,"Latvia","LV",1
1053,2006,34,"Commission","EC",21,"Lithuania","LT",1
1054,2006,34,"Commission","EC",22,"Malta","MT",2
1055,2006,34,"Commission","EC",23,"Poland","PL",8
1056,2006,34,"Commission","EC",24,"Slovakia","SK",1
1057,2006,34,"Commission","EC",25,"Slovenia","SI",1
1058,2007,2,"France","FR",1,"Belgium","BE",2
1059,2007,2,"France","FR",3,"Germany","DE",2
1060,2007,2,"France","FR",4,"Italy","IT",1
1061,2007,2,"France","FR",6,"Netherlands","NL",1
1062,2007,2,"France","FR",7,"Denmark","DK",1
1063,2007,2,"France","FR",14,"Finland","FI",1
1064,2007,3,"Germany","DE",4,"Italy","IT",1
1065,2007,3,"Germany","DE",6,"Netherlands","NL",1
1066,2007,3,"Germany","DE",8,"Ireland","IE",1
1067,2007,3,"Germany","DE",12,"Spain","ES",1
1068,2007,3,"Germany","DE",14,"Finland","FI",1
1069,2007,3,"Germany","DE",19,"Hungary","HU",1
1070,2007,4,"Italy","IT",6,"Netherlands","NL",2
1071,2007,4,"Italy","IT",14,"Finland","FI",1
1072,2007,4,"Italy","IT",23,"Poland","PL",2
1073,2007,5,"Luxembourg","LU",3,"Germany","DE",1
1074,2007,6,"Netherlands","NL",23,"Poland","PL",3
1075,2007,7,"Denmark","DK",21,"Lithuania","LT",1
1076,2007,8,"Ireland","IE",9,"United Kingdom","UK",1
1077,2007,9,"United Kingdom","UK",2,"France","FR",1
1078,2007,9,"United Kingdom","UK",3,"Germany","DE",1
1079,2007,9,"United Kingdom","UK",23,"Poland","PL",1
1080,2007,9,"United Kingdom","UK",27,"Romania","RO",1
1081,2007,11,"Portugal","PT",23,"Poland","PL",1
1082,2007,12,"Spain","ES",14,"Finland","FI",1
1083,2007,12,"Spain","ES",17,"Czech Republic","CZ",1
1084,2007,13,"Austria","AT",3,"Germany","DE",1
1085,2007,13,"Austria","AT",4,"Italy","IT",1
1086,2007,13,"Austria","AT",6,"Netherlands","NL",1
1087,2007,13,"Austria","AT",25,"Slovenia","SI",1
1088,2007,22,"Malta","MT",2,"France","FR",2
1089,2007,22,"Malta","MT",4,"Italy","IT",1
1090,2007,34,"Commission","EC",1,"Belgium","BE",3
1091,2007,34,"Commission","EC",2,"France","FR",10
1092,2007,34,"Commission","EC",3,"Germany","DE",5
1093,2007,34,"Commission","EC",4,"Italy","IT",4
1094,2007,34,"Commission","EC",5,"Luxembourg","LU",1
1095,2007,34,"Commission","EC",6,"Netherlands","NL",3
1096,2007,34,"Commission","EC",7,"Denmark","DK",4
1097,2007,34,"Commission","EC",9,"United Kingdom","UK",3
1098,2007,34,"Commission","EC",10,"Greece","EL",3
1099,2007,34,"Commission","EC",12,"Spain","ES",4
1100,2007,34,"Commission","EC",13,"Austria","AT",1
1101,2007,34,"Commission","EC",15,"Sweden","SE",1
1102,2007,34,"Commission","EC",17,"Czech Republic","CZ",3
1103,2007,34,"Commission","EC",20,"Latvia","LV",2
1104,2007,34,"Commission","EC",21,"Lithuania","LT",2
1105,2007,34,"Commission","EC",23,"Poland","PL",10
1106,2007,34,"Commission","EC",24,"Slovakia","SK",1
1107,2007,34,"Commission","EC",25,"Slovenia","SI",2
1108,2007,34,"Commission","EC",26,"Bulgaria","BG",1
1109,2007,34,"Commission","EC",27,"Romania","RO",3
1110,2008,1,"Belgium","BE",2,"France","FR",1
1111,2008,1,"Belgium","BE",3,"Germany","DE",1
1112,2008,1,"Belgium","BE",12,"Spain","ES",1
1113,2008,1,"Belgium","BE",15,"Sweden","SE",3
1114,2008,2,"France","FR",3,"Germany","DE",1
1115,2008,2,"France","FR",4,"Italy","IT",1
1116,2008,2,"France","FR",6,"Netherlands","NL",1
1117,2008,2,"France","FR",10,"Greece","EL",1
1118,2008,2,"France","FR",12,"Spain","ES",1
1119,2008,2,"France","FR",17,"Czech Republic","CZ",1
1120,2008,2,"France","FR",20,"Latvia","LV",2
1121,2008,2,"France","FR",23,"Poland","PL",1
1122,2008,2,"France","FR",26,"Bulgaria","BG",2
1123,2008,2,"France","FR",27,"Romania","RO",1
1124,2008,3,"Germany","DE",2,"France","FR",1
1125,2008,3,"Germany","DE",9,"United Kingdom","UK",1
1126,2008,4,"Italy","IT",3,"Germany","DE",1
1127,2008,4,"Italy","IT",13,"Austria","AT",1
1128,2008,6,"Netherlands","NL",3,"Germany","DE",1
1129,2008,6,"Netherlands","NL",20,"Latvia","LV",1
1130,2008,7,"Denmark","DK",3,"Germany","DE",1
1131,2008,7,"Denmark","DK",13,"Austria","AT",1
1132,2008,8,"Ireland","IE",3,"Germany","DE",1
1133,2008,9,"United Kingdom","UK",3,"Germany","DE",1
1134,2008,9,"United Kingdom","UK",13,"Austria","AT",1
1135,2008,10,"Greece","EL",6,"Netherlands","NL",1
1136,2008,12,"Spain","ES",3,"Germany","DE",1
1137,2008,12,"Spain","ES",20,"Latvia","LV",1
1138,2008,12,"Spain","ES",23,"Poland","PL",1
1139,2008,13,"Austria","AT",9,"United Kingdom","UK",1
1140,2008,13,"Austria","AT",12,"Spain","ES",1
1141,2008,13,"Austria","AT",20,"Latvia","LV",1
1142,2008,13,"Austria","AT",23,"Poland","PL",1
1143,2008,13,"Austria","AT",27,"Romania","RO",1
1144,2008,14,"Finland","FI",3,"Germany","DE",3
1145,2008,14,"Finland","FI",6,"Netherlands","NL",2
1146,2008,14,"Finland","FI",7,"Denmark","DK",1
1147,2008,14,"Finland","FI",12,"Spain","ES",1
1148,2008,14,"Finland","FI",27,"Romania","RO",1
1149,2008,18,"Estonia","EE",23,"Poland","PL",1
1150,2008,22,"Malta","MT",18,"Estonia","EE",1
1151,2008,22,"Malta","MT",19,"Hungary","HU",1
1152,2008,23,"Poland","PL",3,"Germany","DE",1
1153,2008,27,"Romania","RO",23,"Poland","PL",1
1154,2008,34,"Commission","EC",1,"Belgium","BE",5
1155,2008,34,"Commission","EC",2,"France","FR",3
1156,2008,34,"Commission","EC",3,"Germany","DE",3
1157,2008,34,"Commission","EC",4,"Italy","IT",4
1158,2008,34,"Commission","EC",6,"Netherlands","NL",2
1159,2008,34,"Commission","EC",9,"United Kingdom","UK",1
1160,2008,34,"Commission","EC",10,"Greece","EL",4
1161,2008,34,"Commission","EC",12,"Spain","ES",1
1162,2008,34,"Commission","EC",13,"Austria","AT",1
1163,2008,34,"Commission","EC",14,"Finland","FI",1
1164,2008,34,"Commission","EC",15,"Sweden","SE",3
1165,2008,34,"Commission","EC",17,"Czech Republic","CZ",5
1166,2008,34,"Commission","EC",18,"Estonia","EE",1
1167,2008,34,"Commission","EC",19,"Hungary","HU",4
1168,2008,34,"Commission","EC",20,"Latvia","LV",4
1169,2008,34,"Commission","EC",21,"Lithuania","LT",2
1170,2008,34,"Commission","EC",23,"Poland","PL",3
1171,2008,34,"Commission","EC",24,"Slovakia","SK",1
1172,2008,34,"Commission","EC",26,"Bulgaria","BG",2
1173,2008,34,"Commission","EC",27,"Romania","RO",2
1174,2009,1,"Belgium","BE",2,"France","FR",2
1175,2009,1,"Belgium","BE",4,"Italy","IT",1
1176,2009,2,"France","FR",3,"Germany","DE",3
1177,2009,2,"France","FR",4,"Italy","IT",3
1178,2009,2,"France","FR",7,"Denmark","DK",1
1179,2009,2,"France","FR",23,"Poland","PL",2
1180,2009,2,"France","FR",24,"Slovakia","SK",1
1181,2009,3,"Germany","DE",2,"France","FR",2
1182,2009,3,"Germany","DE",4,"Italy","IT",2
1183,2009,3,"Germany","DE",22,"Malta","MT",1
1184,2009,3,"Germany","DE",24,"Slovakia","SK",1
1185,2009,4,"Italy","IT",2,"France","FR",3
1186,2009,4,"Italy","IT",10,"Greece","EL",1
1187,2009,4,"Italy","IT",12,"Spain","ES",1
1188,2009,4,"Italy","IT",27,"Romania","RO",1
1189,2009,6,"Netherlands","NL",2,"France","FR",2
1190,2009,6,"Netherlands","NL",4,"Italy","IT",1
1191,2009,6,"Netherlands","NL",10,"Greece","EL",1
1192,2009,6,"Netherlands","NL",22,"Malta","MT",1
1193,2009,7,"Denmark","DK",2,"France","FR",2
1194,2009,8,"Ireland","IE",2,"France","FR",2
1195,2009,8,"Ireland","IE",4,"Italy","IT",1
1196,2009,9,"United Kingdom","UK",2,"France","FR",2
1197,2009,9,"United Kingdom","UK",4,"Italy","IT",1
1198,2009,9,"United Kingdom","UK",24,"Slovakia","SK",1
1199,2009,10,"Greece","EL",9,"United Kingdom","UK",1
1200,2009,11,"Portugal","PT",2,"France","FR",2
1201,2009,12,"Spain","ES",2,"France","FR",2
1202,2009,12,"Spain","ES",4,"Italy","IT",2
1203,2009,12,"Spain","ES",10,"Greece","EL",1
1204,2009,12,"Spain","ES",20,"Latvia","LV",1
1205,2009,12,"Spain","ES",22,"Malta","MT",1
1206,2009,13,"Austria","AT",1,"Belgium","BE",1
1207,2009,13,"Austria","AT",3,"Germany","DE",3
1208,2009,14,"Finland","FI",3,"Germany","DE",1
1209,2009,14,"Finland","FI",4,"Italy","IT",1
1210,2009,17,"Czech Republic","CZ",4,"Italy","IT",1
1211,2009,17,"Czech Republic","CZ",10,"Greece","EL",1
1212,2009,17,"Czech Republic","CZ",24,"Slovakia","SK",1
1213,2009,19,"Hungary","HU",2,"France","FR",1
1214,2009,19,"Hungary","HU",3,"Germany","DE",1
1215,2009,19,"Hungary","HU",4,"Italy","IT",1
1216,2009,19,"Hungary","HU",14,"Finland","FI",1
1217,2009,19,"Hungary","HU",22,"Malta","MT",1
1218,2009,22,"Malta","MT",1,"Belgium","BE",1
1219,2009,22,"Malta","MT",23,"Poland","PL",1
1220,2009,24,"Slovakia","SK",4,"Italy","IT",3
1221,2009,27,"Romania","RO",2,"France","FR",2
1222,2009,27,"Romania","RO",4,"Italy","IT",1
1223,2009,34,"Commission","EC",1,"Belgium","BE",8
1224,2009,34,"Commission","EC",2,"France","FR",4
1225,2009,34,"Commission","EC",3,"Germany","DE",3
1226,2009,34,"Commission","EC",4,"Italy","IT",4
1227,2009,34,"Commission","EC",8,"Ireland","IE",1
1228,2009,34,"Commission","EC",9,"United Kingdom","UK",3
1229,2009,34,"Commission","EC",10,"Greece","EL",1
1230,2009,34,"Commission","EC",12,"Spain","ES",2
1231,2009,34,"Commission","EC",13,"Austria","AT",3
1232,2009,34,"Commission","EC",14,"Finland","FI",1
1233,2009,34,"Commission","EC",15,"Sweden","SE",3
1234,2009,34,"Commission","EC",17,"Czech Republic","CZ",2
1235,2009,34,"Commission","EC",18,"Estonia","EE",3
1236,2009,34,"Commission","EC",20,"Latvia","LV",1
1237,2009,34,"Commission","EC",22,"Malta","MT",2
1238,2009,34,"Commission","EC",23,"Poland","PL",3
1239,2009,34,"Commission","EC",24,"Slovakia","SK",4
1240,2009,34,"Commission","EC",25,"Slovenia","SI",1
1241,2009,34,"Commission","EC",27,"Romania","RO",6
1242,2010,1,"Belgium","BE",2,"France","FR",1
1243,2010,1,"Belgium","BE",4,"Italy","IT",1
1244,2010,1,"Belgium","BE",13,"Austria","AT",1
1245,2010,2,"France","FR",3,"Germany","DE",2
1246,2010,2,"France","FR",4,"Italy","IT",3
1247,2010,2,"France","FR",20,"Latvia","LV",1
1248,2010,3,"Germany","DE",4,"Italy","IT",2
1249,2010,4,"Italy","IT",2,"France","FR",1
1250,2010,4,"Italy","IT",3,"Germany","DE",1
1251,2010,4,"Italy","IT",15,"Sweden","SE",1
1252,2010,6,"Netherlands","NL",2,"France","FR",1
1253,2010,10,"Greece","EL",9,"United Kingdom","UK",3
1254,2010,11,"Portugal","PT",4,"Italy","IT",1
1255,2010,11,"Portugal","PT",9,"United Kingdom","UK",4
1256,2010,12,"Spain","ES",1,"Belgium","BE",1
1257,2010,12,"Spain","ES",4,"Italy","IT",2
1258,2010,13,"Austria","AT",3,"Germany","DE",4
1259,2010,13,"Austria","AT",4,"Italy","IT",3
1260,2010,13,"Austria","AT",8,"Ireland","IE",1
1261,2010,13,"Austria","AT",20,"Latvia","LV",1
1262,2010,13,"Austria","AT",23,"Poland","PL",1
1263,2010,13,"Austria","AT",27,"Romania","RO",1
1264,2010,15,"Sweden","SE",4,"Italy","IT",1
1265,2010,17,"Czech Republic","CZ",9,"United Kingdom","UK",1
1266,2010,19,"Hungary","HU",4,"Italy","IT",1
1267,2010,22,"Malta","MT",1,"Belgium","BE",2
1268,2010,22,"Malta","MT",12,"Spain","ES",1
1269,2010,22,"Malta","MT",14,"Finland","FI",1
1270,2010,22,"Malta","MT",16,"Cyprus","CY",1
1271,2010,22,"Malta","MT",20,"Latvia","LV",1
1272,2010,22,"Malta","MT",23,"Poland","PL",1
1273,2010,22,"Malta","MT",27,"Romania","RO",2
1274,2010,24,"Slovakia","SK",17,"Czech Republic","CZ",1
1275,2010,27,"Romania","RO",2,"France","FR",1
1276,2010,27,"Romania","RO",3,"Germany","DE",1
1277,2010,27,"Romania","RO",12,"Spain","ES",1
1278,2010,34,"Commission","EC",1,"Belgium","BE",1
1279,2010,34,"Commission","EC",2,"France","FR",4
1280,2010,34,"Commission","EC",3,"Germany","DE",6
1281,2010,34,"Commission","EC",4,"Italy","IT",2
1282,2010,34,"Commission","EC",7,"Denmark","DK",1
1283,2010,34,"Commission","EC",8,"Ireland","IE",2
1284,2010,34,"Commission","EC",9,"United Kingdom","UK",4
1285,2010,34,"Commission","EC",12,"Spain","ES",6
1286,2010,34,"Commission","EC",13,"Austria","AT",1
1287,2010,34,"Commission","EC",14,"Finland","FI",1
1288,2010,34,"Commission","EC",15,"Sweden","SE",3
1289,2010,34,"Commission","EC",16,"Cyprus","CY",1
1290,2010,34,"Commission","EC",17,"Czech Republic","CZ",2
1291,2010,34,"Commission","EC",19,"Hungary","HU",1
1292,2010,34,"Commission","EC",20,"Latvia","LV",3
1293,2010,34,"Commission","EC",22,"Malta","MT",1
1294,2010,34,"Commission","EC",23,"Poland","PL",2
1295,2010,34,"Commission","EC",24,"Slovakia","SK",1
1296,2010,34,"Commission","EC",25,"Slovenia","SI",1
1297,2010,34,"Commission","EC",26,"Bulgaria","BG",2
1298,2010,34,"Commission","EC",27,"Romania","RO",2
1299,2011,2,"France","FR",3,"Germany","DE",2
1300,2011,2,"France","FR",9,"United Kingdom","UK",1
1301,2011,2,"France","FR",13,"Austria","AT",1
1302,2011,2,"France","FR",15,"Sweden","SE",1
1303,2011,2,"France","FR",19,"Hungary","HU",2
1304,2011,3,"Germany","DE",11,"Portugal","PT",1
1305,2011,3,"Germany","DE",19,"Hungary","HU",1
1306,2011,4,"Italy","IT",7,"Denmark","DK",1
1307,2011,4,"Italy","IT",9,"United Kingdom","UK",1
1308,2011,4,"Italy","IT",10,"Greece","EL",1
1309,2011,4,"Italy","IT",11,"Portugal","PT",1
1310,2011,4,"Italy","IT",12,"Spain","ES",1
1311,2011,4,"Italy","IT",14,"Finland","FI",1
1312,2011,6,"Netherlands","NL",2,"France","FR",1
1313,2011,6,"Netherlands","NL",7,"Denmark","DK",1
1314,2011,6,"Netherlands","NL",13,"Austria","AT",1
1315,2011,6,"Netherlands","NL",14,"Finland","FI",1
1316,2011,6,"Netherlands","NL",19,"Hungary","HU",1
1317,2011,6,"Netherlands","NL",24,"Slovakia","SK",1
1318,2011,8,"Ireland","IE",3,"Germany","DE",1
1319,2011,9,"United Kingdom","UK",2,"France","FR",1
1320,2011,9,"United Kingdom","UK",4,"Italy","IT",1
1321,2011,9,"United Kingdom","UK",13,"Austria","AT",1
1322,2011,10,"Greece","EL",9,"United Kingdom","UK",1
1323,2011,10,"Greece","EL",14,"Finland","FI",1
1324,2011,11,"Portugal","PT",9,"United Kingdom","UK",1
1325,2011,11,"Portugal","PT",14,"Finland","FI",1
1326,2011,12,"Spain","ES",2,"France","FR",1
1327,2011,12,"Spain","ES",7,"Denmark","DK",1
1328,2011,12,"Spain","ES",14,"Finland","FI",1
1329,2011,13,"Austria","AT",4,"Italy","IT",1
1330,2011,13,"Austria","AT",7,"Denmark","DK",2
1331,2011,13,"Austria","AT",19,"Hungary","HU",2
1332,2011,13,"Austria","AT",25,"Slovenia","SI",1
1333,2011,17,"Czech Republic","CZ",2,"France","FR",1
1334,2011,17,"Czech Republic","CZ",13,"Austria","AT",1
1335,2011,17,"Czech Republic","CZ",24,"Slovakia","SK",1
1336,2011,22,"Malta","MT",3,"Germany","DE",2
1337,2011,22,"Malta","MT",10,"Greece","EL",1
1338,2011,22,"Malta","MT",12,"Spain","ES",3
1339,2011,22,"Malta","MT",17,"Czech Republic","CZ",1
1340,2011,22,"Malta","MT",26,"Bulgaria","BG",1
1341,2011,24,"Slovakia","SK",2,"France","FR",1
1342,2011,34,"Commission","EC",2,"France","FR",10
1343,2011,34,"Commission","EC",3,"Germany","DE",3
1344,2011,34,"Commission","EC",4,"Italy","IT",3
1345,2011,34,"Commission","EC",6,"Netherlands","NL",1
1346,2011,34,"Commission","EC",7,"Denmark","DK",3
1347,2011,34,"Commission","EC",9,"United Kingdom","UK",3
1348,2011,34,"Commission","EC",10,"Greece","EL",5
1349,2011,34,"Commission","EC",12,"Spain","ES",3
1350,2011,34,"Commission","EC",14,"Finland","FI",6
1351,2011,34,"Commission","EC",15,"Sweden","SE",2
1352,2011,34,"Commission","EC",16,"Cyprus","CY",1
1353,2011,34,"Commission","EC",17,"Czech Republic","CZ",5
1354,2011,34,"Commission","EC",19,"Hungary","HU",4
1355,2011,34,"Commission","EC",20,"Latvia","LV",2
1356,2011,34,"Commission","EC",23,"Poland","PL",1
1357,2011,34,"Commission","EC",24,"Slovakia","SK",3
1358,2011,34,"Commission","EC",25,"Slovenia","SI",2
1359,2011,34,"Commission","EC",26,"Bulgaria","BG",2
1360,2012,1,"Belgium","BE",4,"Italy","IT",1
1361,2012,1,"Belgium","BE",19,"Hungary","HU",1
1362,2012,2,"France","FR",4,"Italy","IT",1
1363,2012,2,"France","FR",6,"Netherlands","NL",1
1364,2012,2,"France","FR",7,"Denmark","DK",1
1365,2012,2,"France","FR",9,"United Kingdom","UK",1
1366,2012,2,"France","FR",12,"Spain","ES",1
1367,2012,2,"France","FR",17,"Czech Republic","CZ",1
1368,2012,2,"France","FR",19,"Hungary","HU",1
1369,2012,2,"France","FR",21,"Lithuania","LT",1
1370,2012,2,"France","FR",23,"Poland","PL",1
1371,2012,2,"France","FR",24,"Slovakia","SK",1
1372,2012,3,"Germany","DE",4,"Italy","IT",2
1373,2012,3,"Germany","DE",19,"Hungary","HU",1
1374,2012,3,"Germany","DE",24,"Slovakia","SK",1
1375,2012,4,"Italy","IT",2,"France","FR",1
1376,2012,4,"Italy","IT",6,"Netherlands","NL",1
1377,2012,4,"Italy","IT",9,"United Kingdom","UK",1
1378,2012,4,"Italy","IT",12,"Spain","ES",2
1379,2012,4,"Italy","IT",21,"Lithuania","LT",1
1380,2012,4,"Italy","IT",23,"Poland","PL",2
1381,2012,4,"Italy","IT",24,"Slovakia","SK",1
1382,2012,4,"Italy","IT",26,"Bulgaria","BG",1
1383,2012,5,"Luxembourg","LU",2,"France","FR",1
1384,2012,6,"Netherlands","NL",4,"Italy","IT",1
1385,2012,7,"Denmark","DK",6,"Netherlands","NL",1
1386,2012,8,"Ireland","IE",4,"Italy","IT",1
1387,2012,9,"United Kingdom","UK",1,"Belgium","BE",1
1388,2012,9,"United Kingdom","UK",2,"France","FR",1
1389,2012,9,"United Kingdom","UK",4,"Italy","IT",1
1390,2012,9,"United Kingdom","UK",12,"Spain","ES",1
1391,2012,9,"United Kingdom","UK",15,"Sweden","SE",1
1392,2012,9,"United Kingdom","UK",23,"Poland","PL",1
1393,2012,10,"Greece","EL",6,"Netherlands","NL",1
1394,2012,10,"Greece","EL",19,"Hungary","HU",1
1395,2012,11,"Portugal","PT",2,"France","FR",1
1396,2012,11,"Portugal","PT",9,"United Kingdom","UK",1
1397,2012,12,"Spain","ES",1,"Belgium","BE",3
1398,2012,12,"Spain","ES",2,"France","FR",1
1399,2012,12,"Spain","ES",4,"Italy","IT",4
1400,2012,12,"Spain","ES",6,"Netherlands","NL",1
1401,2012,12,"Spain","ES",9,"United Kingdom","UK",1
1402,2012,12,"Spain","ES",11,"Portugal","PT",1
1403,2012,12,"Spain","ES",13,"Austria","AT",1
1404,2012,12,"Spain","ES",15,"Sweden","SE",1
1405,2012,12,"Spain","ES",19,"Hungary","HU",2
1406,2012,12,"Spain","ES",22,"Malta","MT",1
1407,2012,12,"Spain","ES",24,"Slovakia","SK",1
1408,2012,13,"Austria","AT",4,"Italy","IT",5
1409,2012,13,"Austria","AT",10,"Greece","EL",1
1410,2012,13,"Austria","AT",17,"Czech Republic","CZ",1
1411,2012,13,"Austria","AT",23,"Poland","PL",1
1412,2012,13,"Austria","AT",24,"Slovakia","SK",1
1413,2012,13,"Austria","AT",26,"Bulgaria","BG",2
1414,2012,14,"Finland","FI",6,"Netherlands","NL",1
1415,2012,17,"Czech Republic","CZ",1,"Belgium","BE",1
1416,2012,17,"Czech Republic","CZ",2,"France","FR",1
1417,2012,17,"Czech Republic","CZ",4,"Italy","IT",1
1418,2012,17,"Czech Republic","CZ",15,"Sweden","SE",1
1419,2012,17,"Czech Republic","CZ",26,"Bulgaria","BG",1
1420,2012,19,"Hungary","HU",4,"Italy","IT",1
1421,2012,19,"Hungary","HU",6,"Netherlands","NL",1
1422,2012,22,"Malta","MT",3,"Germany","DE",1
1423,2012,22,"Malta","MT",9,"United Kingdom","UK",1
1424,2012,22,"Malta","MT",10,"Greece","EL",1
1425,2012,22,"Malta","MT",12,"Spain","ES",1
1426,2012,22,"Malta","MT",17,"Czech Republic","CZ",1
1427,2012,23,"Poland","PL",6,"Netherlands","NL",1
1428,2012,24,"Slovakia","SK",6,"Netherlands","NL",1
1429,2012,24,"Slovakia","SK",17,"Czech Republic","CZ",1
1430,2012,24,"Slovakia","SK",23,"Poland","PL",1
1431,2012,26,"Bulgaria","BG",9,"United Kingdom","UK",1
1432,2012,27,"Romania","RO",6,"Netherlands","NL",1
1433,2012,27,"Romania","RO",19,"Hungary","HU",1
1434,2012,34,"Commission","EC",1,"Belgium","BE",3
1435,2012,34,"Commission","EC",2,"France","FR",4
1436,2012,34,"Commission","EC",3,"Germany","DE",10
1437,2012,34,"Commission","EC",4,"Italy","IT",8
1438,2012,34,"Commission","EC",6,"Netherlands","NL",1
1439,2012,34,"Commission","EC",7,"Denmark","DK",2
1440,2012,34,"Commission","EC",8,"Ireland","IE",1
1441,2012,34,"Commission","EC",9,"United Kingdom","UK",1
1442,2012,34,"Commission","EC",10,"Greece","EL",3
1443,2012,34,"Commission","EC",11,"Portugal","PT",1
1444,2012,34,"Commission","EC",12,"Spain","ES",6
1445,2012,34,"Commission","EC",13,"Austria","AT",2
1446,2012,34,"Commission","EC",14,"Finland","FI",1
1447,2012,34,"Commission","EC",16,"Cyprus","CY",2
1448,2012,34,"Commission","EC",17,"Czech Republic","CZ",9
1449,2012,34,"Commission","EC",19,"Hungary","HU",1
1450,2012,34,"Commission","EC",21,"Lithuania","LT",2
1451,2012,34,"Commission","EC",22,"Malta","MT",1
1452,2012,34,"Commission","EC",23,"Poland","PL",1
1453,2012,34,"Commission","EC",24,"Slovakia","SK",4
1454,2012,34,"Commission","EC",26,"Bulgaria","BG",2
1455,2012,34,"Commission","EC",27,"Romania","RO",1
1456,2013,1,"Belgium","BE",2,"France","FR",1
1457,2013,2,"France","FR",3,"Germany","DE",2
1458,2013,2,"France","FR",19,"Hungary","HU",1
1459,2013,2,"France","FR",24,"Slovakia","SK",1
1460,2013,2,"France","FR",28,"Croatia","HR",1
1461,2013,4,"Italy","IT",1,"Belgium","BE",1
1462,2013,4,"Italy","IT",2,"France","FR",1
1463,2013,4,"Italy","IT",12,"Spain","ES",1
1464,2013,4,"Italy","IT",20,"Latvia","LV",1
1465,2013,4,"Italy","IT",21,"Lithuania","LT",1
1466,2013,4,"Italy","IT",23,"Poland","PL",1
1467,2013,4,"Italy","IT",24,"Slovakia","SK",1
1468,2013,6,"Netherlands","NL",1,"Belgium","BE",1
1469,2013,6,"Netherlands","NL",2,"France","FR",1
1470,2013,6,"Netherlands","NL",4,"Italy","IT",1
1471,2013,6,"Netherlands","NL",17,"Czech Republic","CZ",1
1472,2013,6,"Netherlands","NL",19,"Hungary","HU",1
1473,2013,6,"Netherlands","NL",20,"Latvia","LV",1
1474,2013,6,"Netherlands","NL",24,"Slovakia","SK",1
1475,2013,7,"Denmark","DK",16,"Cyprus","CY",1
1476,2013,9,"United Kingdom","UK",2,"France","FR",1
1477,2013,9,"United Kingdom","UK",4,"Italy","IT",1
1478,2013,11,"Portugal","PT",20,"Latvia","LV",1
1479,2013,12,"Spain","ES",2,"France","FR",2
1480,2013,12,"Spain","ES",11,"Portugal","PT",1
1481,2013,12,"Spain","ES",19,"Hungary","HU",1
1482,2013,12,"Spain","ES",21,"Lithuania","LT",2
1483,2013,13,"Austria","AT",4,"Italy","IT",1
1484,2013,13,"Austria","AT",7,"Denmark","DK",1
1485,2013,13,"Austria","AT",15,"Sweden","SE",1
1486,2013,13,"Austria","AT",19,"Hungary","HU",2
1487,2013,13,"Austria","AT",20,"Latvia","LV",2
1488,2013,13,"Austria","AT",21,"Lithuania","LT",1
1489,2013,13,"Austria","AT",24,"Slovakia","SK",2
1490,2013,17,"Czech Republic","CZ",1,"Belgium","BE",1
1491,2013,17,"Czech Republic","CZ",2,"France","FR",1
1492,2013,17,"Czech Republic","CZ",21,"Lithuania","LT",2
1493,2013,17,"Czech Republic","CZ",24,"Slovakia","SK",1
1494,2013,17,"Czech Republic","CZ",25,"Slovenia","SI",1
1495,2013,21,"Lithuania","LT",18,"Estonia","EE",1
1496,2013,22,"Malta","MT",10,"Greece","EL",1
1497,2013,22,"Malta","MT",19,"Hungary","HU",2
1498,2013,22,"Malta","MT",25,"Slovenia","SI",1
1499,2013,23,"Poland","PL",19,"Hungary","HU",1
1500,2013,23,"Poland","PL",24,"Slovakia","SK",1
1501,2013,24,"Slovakia","SK",2,"France","FR",1
1502,2013,24,"Slovakia","SK",9,"United Kingdom","UK",1
1503,2013,24,"Slovakia","SK",19,"Hungary","HU",1
1504,2013,24,"Slovakia","SK",20,"Latvia","LV",1
1505,2013,24,"Slovakia","SK",21,"Lithuania","LT",2
1506,2013,27,"Romania","RO",20,"Latvia","LV",1
1507,2013,34,"Commission","EC",1,"Belgium","BE",4
1508,2013,34,"Commission","EC",2,"France","FR",1
1509,2013,34,"Commission","EC",3,"Germany","DE",12
1510,2013,34,"Commission","EC",4,"Italy","IT",5
1511,2013,34,"Commission","EC",5,"Luxembourg","LU",6
1512,2013,34,"Commission","EC",6,"Netherlands","NL",3
1513,2013,34,"Commission","EC",7,"Denmark","DK",7
1514,2013,34,"Commission","EC",9,"United Kingdom","UK",2
1515,2013,34,"Commission","EC",10,"Greece","EL",4
1516,2013,34,"Commission","EC",11,"Portugal","PT",1
1517,2013,34,"Commission","EC",12,"Spain","ES",4
1518,2013,34,"Commission","EC",13,"Austria","AT",1
1519,2013,34,"Commission","EC",14,"Finland","FI",2
1520,2013,34,"Commission","EC",15,"Sweden","SE",1
1521,2013,34,"Commission","EC",17,"Czech Republic","CZ",2
1522,2013,34,"Commission","EC",18,"Estonia","EE",1
1523,2013,34,"Commission","EC",19,"Hungary","HU",8
1524,2013,34,"Commission","EC",20,"Latvia","LV",2
1525,2013,34,"Commission","EC",21,"Lithuania","LT",5
1526,2013,34,"Commission","EC",24,"Slovakia","SK",8
1527,2013,34,"Commission","EC",25,"Slovenia","SI",1
1528,2013,34,"Commission","EC",26,"Bulgaria","BG",3
1529,2013,34,"Commission","EC",27,"Romania","RO",4
1530,2014,1,"Belgium","BE",19,"Hungary","HU",1
1531,2014,1,"Belgium","BE",21,"Lithuania","LT",1
1532,2014,2,"France","FR",21,"Lithuania","LT",1
1533,2014,2,"France","FR",23,"Poland","PL",1
1534,2014,2,"France","FR",26,"Bulgaria","BG",1
1535,2014,2,"France","FR",28,"Croatia","HR",1
1536,2014,4,"Italy","IT",6,"Netherlands","NL",1
1537,2014,4,"Italy","IT",8,"Ireland","IE",1
1538,2014,4,"Italy","IT",9,"United Kingdom","UK",1
1539,2014,4,"Italy","IT",14,"Finland","FI",1
1540,2014,4,"Italy","IT",19,"Hungary","HU",1
1541,2014,6,"Netherlands","NL",4,"Italy","IT",1
1542,2014,8,"Ireland","IE",4,"Italy","IT",1
1543,2014,9,"United Kingdom","UK",19,"Hungary","HU",1
1544,2014,10,"Greece","EL",8,"Ireland","IE",1
1545,2014,10,"Greece","EL",9,"United Kingdom","UK",1
1546,2014,11,"Portugal","PT",6,"Netherlands","NL",1
1547,2014,11,"Portugal","PT",8,"Ireland","IE",1
1548,2014,11,"Portugal","PT",9,"United Kingdom","UK",1
1549,2014,12,"Spain","ES",2,"France","FR",1
1550,2014,12,"Spain","ES",3,"Germany","DE",1
1551,2014,12,"Spain","ES",8,"Ireland","IE",1
1552,2014,12,"Spain","ES",9,"United Kingdom","UK",2
1553,2014,12,"Spain","ES",14,"Finland","FI",1
1554,2014,12,"Spain","ES",19,"Hungary","HU",2
1555,2014,12,"Spain","ES",21,"Lithuania","LT",1
1556,2014,12,"Spain","ES",28,"Croatia","HR",1
1557,2014,13,"Austria","AT",2,"France","FR",1
1558,2014,13,"Austria","AT",3,"Germany","DE",1
1559,2014,13,"Austria","AT",17,"Czech Republic","CZ",1
1560,2014,13,"Austria","AT",19,"Hungary","HU",1
1561,2014,13,"Austria","AT",21,"Lithuania","LT",1
1562,2014,13,"Austria","AT",23,"Poland","PL",1
1563,2014,13,"Austria","AT",28,"Croatia","HR",1
1564,2014,17,"Czech Republic","CZ",4,"Italy","IT",1
1565,2014,17,"Czech Republic","CZ",7,"Denmark","DK",1
1566,2014,17,"Czech Republic","CZ",8,"Ireland","IE",1
1567,2014,17,"Czech Republic","CZ",9,"United Kingdom","UK",1
1568,2014,17,"Czech Republic","CZ",14,"Finland","FI",1
1569,2014,17,"Czech Republic","CZ",24,"Slovakia","SK",1
1570,2014,19,"Hungary","HU",2,"France","FR",1
1571,2014,19,"Hungary","HU",8,"Ireland","IE",1
1572,2014,19,"Hungary","HU",9,"United Kingdom","UK",1
1573,2014,21,"Lithuania","LT",9,"United Kingdom","UK",1
1574,2014,22,"Malta","MT",8,"Ireland","IE",1
1575,2014,22,"Malta","MT",11,"Portugal","PT",1
1576,2014,22,"Malta","MT",19,"Hungary","HU",1
1577,2014,22,"Malta","MT",21,"Lithuania","LT",1
1578,2014,22,"Malta","MT",23,"Poland","PL",1
1579,2014,22,"Malta","MT",28,"Croatia","HR",1
1580,2014,23,"Poland","PL",4,"Italy","IT",1
1581,2014,23,"Poland","PL",8,"Ireland","IE",1
1582,2014,23,"Poland","PL",9,"United Kingdom","UK",1
1583,2014,23,"Poland","PL",19,"Hungary","HU",1
1584,2014,23,"Poland","PL",25,"Slovenia","SI",1
1585,2014,24,"Slovakia","SK",2,"France","FR",1
1586,2014,24,"Slovakia","SK",8,"Ireland","IE",1
1587,2014,24,"Slovakia","SK",9,"United Kingdom","UK",1
1588,2014,24,"Slovakia","SK",14,"Finland","FI",1
1589,2014,24,"Slovakia","SK",21,"Lithuania","LT",1
1590,2014,24,"Slovakia","SK",23,"Poland","PL",1
1591,2014,26,"Bulgaria","BG",8,"Ireland","IE",1
1592,2014,26,"Bulgaria","BG",9,"United Kingdom","UK",1
1593,2014,27,"Romania","RO",8,"Ireland","IE",1
1594,2014,27,"Romania","RO",9,"United Kingdom","UK",1
1595,2014,34,"Commission","EC",1,"Belgium","BE",2
1596,2014,34,"Commission","EC",2,"France","FR",5
1597,2014,34,"Commission","EC",3,"Germany","DE",4
1598,2014,34,"Commission","EC",4,"Italy","IT",4
1599,2014,34,"Commission","EC",7,"Denmark","DK",3
1600,2014,34,"Commission","EC",8,"Ireland","IE",1
1601,2014,34,"Commission","EC",9,"United Kingdom","UK",4
1602,2014,34,"Commission","EC",11,"Portugal","PT",2
1603,2014,34,"Commission","EC",12,"Spain","ES",3
1604,2014,34,"Commission","EC",13,"Austria","AT",2
1605,2014,34,"Commission","EC",14,"Finland","FI",1
1606,2014,34,"Commission","EC",15,"Sweden","SE",1
1607,2014,34,"Commission","EC",16,"Cyprus","CY",2
1608,2014,34,"Commission","EC",19,"Hungary","HU",4
1609,2014,34,"Commission","EC",20,"Latvia","LV",2
1610,2014,34,"Commission","EC",21,"Lithuania","LT",7
1611,2014,34,"Commission","EC",22,"Malta","MT",1
1612,2014,34,"Commission","EC",23,"Poland","PL",3
1613,2014,34,"Commission","EC",24,"Slovakia","SK",2
1614,2014,34,"Commission","EC",25,"Slovenia","SI",2
1615,2014,34,"Commission","EC",26,"Bulgaria","BG",1
1616,2014,34,"Commission","EC",27,"Romania","RO",3
1617,2014,34,"Commission","EC",28,"Croatia","HR",1
1618,2015,2,"France","FR",11,"Portugal","PT",1
1619,2015,2,"France","FR",23,"Poland","PL",1
1620,2015,3,"Germany","DE",2,"France","FR",6
1621,2015,3,"Germany","DE",11,"Portugal","PT",1
1622,2015,4,"Italy","IT",2,"France","FR",3
1623,2015,4,"Italy","IT",6,"Netherlands","NL",1
1624,2015,4,"Italy","IT",8,"Ireland","IE",1
1625,2015,4,"Italy","IT",14,"Finland","FI",1
1626,2015,4,"Italy","IT",19,"Hungary","HU",1
1627,2015,9,"United Kingdom","UK",3,"Germany","DE",1
1628,2015,10,"Greece","EL",2,"France","FR",2
1629,2015,10,"Greece","EL",8,"Ireland","IE",1
1630,2015,10,"Greece","EL",17,"Czech Republic","CZ",1
1631,2015,10,"Greece","EL",19,"Hungary","HU",1
1632,2015,11,"Portugal","PT",2,"France","FR",2
1633,2015,11,"Portugal","PT",8,"Ireland","IE",1
1634,2015,11,"Portugal","PT",19,"Hungary","HU",1
1635,2015,11,"Portugal","PT",21,"Lithuania","LT",1
1636,2015,12,"Spain","ES",2,"France","FR",2
1637,2015,12,"Spain","ES",4,"Italy","IT",1
1638,2015,12,"Spain","ES",8,"Ireland","IE",1
1639,2015,12,"Spain","ES",14,"Finland","FI",1
1640,2015,12,"Spain","ES",19,"Hungary","HU",1
1641,2015,12,"Spain","ES",20,"Latvia","LV",1
1642,2015,12,"Spain","ES",21,"Lithuania","LT",1
1643,2015,12,"Spain","ES",25,"Slovenia","SI",1
1644,2015,13,"Austria","AT",2,"France","FR",2
1645,2015,13,"Austria","AT",18,"Estonia","EE",1
1646,2015,13,"Austria","AT",21,"Lithuania","LT",1
1647,2015,14,"Finland","FI",23,"Poland","PL",3
1648,2015,17,"Czech Republic","CZ",2,"France","FR",2
1649,2015,17,"Czech Republic","CZ",8,"Ireland","IE",1
1650,2015,17,"Czech Republic","CZ",19,"Hungary","HU",1
1651,2015,18,"Estonia","EE",21,"Lithuania","LT",1
1652,2015,19,"Hungary","HU",24,"Slovakia","SK",1
1653,2015,19,"Hungary","HU",27,"Romania","RO",1
1654,2015,21,"Lithuania","LT",2,"France","FR",2
1655,2015,22,"Malta","MT",17,"Czech Republic","CZ",1
1656,2015,23,"Poland","PL",2,"France","FR",1
1657,2015,23,"Poland","PL",11,"Portugal","PT",1
1658,2015,24,"Slovakia","SK",2,"France","FR",2
1659,2015,24,"Slovakia","SK",8,"Ireland","IE",1
1660,2015,24,"Slovakia","SK",17,"Czech Republic","CZ",1
1661,2015,24,"Slovakia","SK",19,"Hungary","HU",1
1662,2015,24,"Slovakia","SK",20,"Latvia","LV",1
1663,2015,26,"Bulgaria","BG",2,"France","FR",2
1664,2015,26,"Bulgaria","BG",8,"Ireland","IE",1
1665,2015,26,"Bulgaria","BG",19,"Hungary","HU",1
1666,2015,27,"Romania","RO",2,"France","FR",1
1667,2015,27,"Romania","RO",19,"Hungary","HU",1
1668,2015,34,"Commission","EC",1,"Belgium","BE",2
1669,2015,34,"Commission","EC",2,"France","FR",14
1670,2015,34,"Commission","EC",3,"Germany","DE",4
1671,2015,34,"Commission","EC",4,"Italy","IT",4
1672,2015,34,"Commission","EC",6,"Netherlands","NL",2
1673,2015,34,"Commission","EC",7,"Denmark","DK",4
1674,2015,34,"Commission","EC",8,"Ireland","IE",1
1675,2015,34,"Commission","EC",10,"Greece","EL",3
1676,2015,34,"Commission","EC",11,"Portugal","PT",3
1677,2015,34,"Commission","EC",12,"Spain","ES",4
1678,2015,34,"Commission","EC",13,"Austria","AT",1
1679,2015,34,"Commission","EC",14,"Finland","FI",2
1680,2015,34,"Commission","EC",17,"Czech Republic","CZ",7
1681,2015,34,"Commission","EC",18,"Estonia","EE",2
1682,2015,34,"Commission","EC",19,"Hungary","HU",3
1683,2015,34,"Commission","EC",20,"Latvia","LV",2
1684,2015,34,"Commission","EC",21,"Lithuania","LT",9
1685,2015,34,"Commission","EC",23,"Poland","PL",2
1686,2015,34,"Commission","EC",24,"Slovakia","SK",2
1687,2015,34,"Commission","EC",25,"Slovenia","SI",1
1688,2015,34,"Commission","EC",26,"Bulgaria","BG",4
1689,2015,34,"Commission","EC",27,"Romania","RO",2
1690,2016,2,"France","FR",3,"Germany","DE",1
1691,2016,2,"France","FR",4,"Italy","IT",1
1692,2016,2,"France","FR",6,"Netherlands","NL",1
1693,2016,2,"France","FR",8,"Ireland","IE",1
1694,2016,2,"France","FR",11,"Portugal","PT",1
1695,2016,2,"France","FR",27,"Romania","RO",1
1696,2016,2,"France","FR",28,"Croatia","HR",1
1697,2016,3,"Germany","DE",2,"France","FR",1
1698,2016,3,"Germany","DE",4,"Italy","IT",1
1699,2016,3,"Germany","DE",8,"Ireland","IE",1
1700,2016,3,"Germany","DE",19,"Hungary","HU",2
1701,2016,3,"Germany","DE",26,"Bulgaria","BG",1
1702,2016,3,"Germany","DE",28,"Croatia","HR",1
1703,2016,4,"Italy","IT",3,"Germany","DE",1
1704,2016,4,"Italy","IT",8,"Ireland","IE",1
1705,2016,4,"Italy","IT",23,"Poland","PL",1
1706,2016,4,"Italy","IT",25,"Slovenia","SI",1
1707,2016,6,"Netherlands","NL",3,"Germany","DE",1
1708,2016,6,"Netherlands","NL",4,"Italy","IT",1
1709,2016,6,"Netherlands","NL",7,"Denmark","DK",1
1710,2016,6,"Netherlands","NL",14,"Finland","FI",1
1711,2016,7,"Denmark","DK",6,"Netherlands","NL",1
1712,2016,9,"United Kingdom","UK",3,"Germany","DE",1
1713,2016,9,"United Kingdom","UK",6,"Netherlands","NL",1
1714,2016,10,"Greece","EL",3,"Germany","DE",1
1715,2016,10,"Greece","EL",25,"Slovenia","SI",1
1716,2016,11,"Portugal","PT",8,"Ireland","IE",1
1717,2016,11,"Portugal","PT",18,"Estonia","EE",1
1718,2016,11,"Portugal","PT",25,"Slovenia","SI",1
1719,2016,12,"Spain","ES",2,"France","FR",1
1720,2016,12,"Spain","ES",3,"Germany","DE",2
1721,2016,12,"Spain","ES",6,"Netherlands","NL",1
1722,2016,12,"Spain","ES",8,"Ireland","IE",1
1723,2016,12,"Spain","ES",13,"Austria","AT",1
1724,2016,12,"Spain","ES",14,"Finland","FI",4
1725,2016,12,"Spain","ES",17,"Czech Republic","CZ",1
1726,2016,12,"Spain","ES",19,"Hungary","HU",1
1727,2016,12,"Spain","ES",25,"Slovenia","SI",2
1728,2016,13,"Austria","AT",3,"Germany","DE",1
1729,2016,13,"Austria","AT",8,"Ireland","IE",1
1730,2016,13,"Austria","AT",17,"Czech Republic","CZ",1
1731,2016,13,"Austria","AT",26,"Bulgaria","BG",1
1732,2016,13,"Austria","AT",27,"Romania","RO",1
1733,2016,14,"Finland","FI",3,"Germany","DE",2
1734,2016,15,"Sweden","SE",4,"Italy","IT",1
1735,2016,17,"Czech Republic","CZ",8,"Ireland","IE",1
1736,2016,17,"Czech Republic","CZ",23,"Poland","PL",1
1737,2016,17,"Czech Republic","CZ",25,"Slovenia","SI",1
1738,2016,19,"Hungary","HU",3,"Germany","DE",1
1739,2016,22,"Malta","MT",3,"Germany","DE",1
1740,2016,22,"Malta","MT",23,"Poland","PL",1
1741,2016,22,"Malta","MT",24,"Slovakia","SK",1
1742,2016,23,"Poland","PL",8,"Ireland","IE",1
1743,2016,23,"Poland","PL",13,"Austria","AT",2
1744,2016,23,"Poland","PL",17,"Czech Republic","CZ",2
1745,2016,23,"Poland","PL",25,"Slovenia","SI",1
1746,2016,24,"Slovakia","SK",6,"Netherlands","NL",1
1747,2016,24,"Slovakia","SK",17,"Czech Republic","CZ",2
1748,2016,24,"Slovakia","SK",20,"Latvia","LV",1
1749,2016,24,"Slovakia","SK",21,"Lithuania","LT",1
1750,2016,24,"Slovakia","SK",23,"Poland","PL",1
1751,2016,24,"Slovakia","SK",25,"Slovenia","SI",1
1752,2016,25,"Slovenia","SI",28,"Croatia","HR",1
1753,2016,26,"Bulgaria","BG",8,"Ireland","IE",1
1754,2016,26,"Bulgaria","BG",25,"Slovenia","SI",1
1755,2016,27,"Romania","RO",8,"Ireland","IE",1
1756,2016,27,"Romania","RO",25,"Slovenia","SI",1
1757,2016,34,"Commission","EC",1,"Belgium","BE",2
1758,2016,34,"Commission","EC",2,"France","FR",7
1759,2016,34,"Commission","EC",3,"Germany","DE",5
1760,2016,34,"Commission","EC",4,"Italy","IT",4
1761,2016,34,"Commission","EC",6,"Netherlands","NL",3
1762,2016,34,"Commission","EC",7,"Denmark","DK",2
1763,2016,34,"Commission","EC",8,"Ireland","IE",1
1764,2016,34,"Commission","EC",9,"United Kingdom","UK",5
1765,2016,34,"Commission","EC",11,"Portugal","PT",1
1766,2016,34,"Commission","EC",12,"Spain","ES",2
1767,2016,34,"Commission","EC",13,"Austria","AT",1
1768,2016,34,"Commission","EC",14,"Finland","FI",5
1769,2016,34,"Commission","EC",15,"Sweden","SE",1
1770,2016,34,"Commission","EC",16,"Cyprus","CY",1
1771,2016,34,"Commission","EC",17,"Czech Republic","CZ",5
1772,2016,34,"Commission","EC",19,"Hungary","HU",2
1773,2016,34,"Commission","EC",20,"Latvia","LV",2
1774,2016,34,"Commission","EC",22,"Malta","MT",3
1775,2016,34,"Commission","EC",24,"Slovakia","SK",1
1776,2016,34,"Commission","EC",25,"Slovenia","SI",3
1777,2016,34,"Commission","EC",26,"Bulgaria","BG",2
1778,2016,34,"Commission","EC",28,"Croatia","HR",2
1779,2017,2,"France","FR",4,"Italy","IT",1
1780,2017,2,"France","FR",18,"Estonia","EE",1
1781,2017,2,"France","FR",23,"Poland","PL",2
1782,2017,2,"France","FR",27,"Romania","RO",1
1783,2017,3,"Germany","DE",2,"France","FR",1
1784,2017,3,"Germany","DE",18,"Estonia","EE",1
1785,2017,3,"Germany","DE",19,"Hungary","HU",1
1786,2017,4,"Italy","IT",2,"France","FR",3
1787,2017,4,"Italy","IT",7,"Denmark","DK",1
1788,2017,4,"Italy","IT",18,"Estonia","EE",1
1789,2017,4,"Italy","IT",19,"Hungary","HU",1
1790,2017,6,"Netherlands","NL",19,"Hungary","HU",1
1791,2017,9,"United Kingdom","UK",2,"France","FR",2
1792,2017,11,"Portugal","PT",14,"Finland","FI",1
1793,2017,12,"Spain","ES",2,"France","FR",3
1794,2017,12,"Spain","ES",4,"Italy","IT",1
1795,2017,12,"Spain","ES",15,"Sweden","SE",1
1796,2017,13,"Austria","AT",2,"France","FR",1
1797,2017,13,"Austria","AT",17,"Czech Republic","CZ",1
1798,2017,13,"Austria","AT",19,"Hungary","HU",1
1799,2017,13,"Austria","AT",23,"Poland","PL",1
1800,2017,17,"Czech Republic","CZ",2,"France","FR",1
1801,2017,19,"Hungary","HU",2,"France","FR",2
1802,2017,19,"Hungary","HU",6,"Netherlands","NL",1
1803,2017,19,"Hungary","HU",15,"Sweden","SE",1
1804,2017,19,"Hungary","HU",23,"Poland","PL",1
1805,2017,19,"Hungary","HU",24,"Slovakia","SK",1
1806,2017,19,"Hungary","HU",27,"Romania","RO",1
1807,2017,20,"Latvia","LV",2,"France","FR",2
1808,2017,23,"Poland","PL",2,"France","FR",3
1809,2017,23,"Poland","PL",15,"Sweden","SE",1
1810,2017,23,"Poland","PL",19,"Hungary","HU",1
1811,2017,24,"Slovakia","SK",27,"Romania","RO",1
1812,2017,26,"Bulgaria","BG",6,"Netherlands","NL",1
1813,2017,34,"Commission","EC",1,"Belgium","BE",1
1814,2017,34,"Commission","EC",2,"France","FR",2
1815,2017,34,"Commission","EC",3,"Germany","DE",2
1816,2017,34,"Commission","EC",4,"Italy","IT",5
1817,2017,34,"Commission","EC",6,"Netherlands","NL",1
1818,2017,34,"Commission","EC",7,"Denmark","DK",1
1819,2017,34,"Commission","EC",10,"Greece","EL",2
1820,2017,34,"Commission","EC",12,"Spain","ES",7
1821,2017,34,"Commission","EC",14,"Finland","FI",1
1822,2017,34,"Commission","EC",17,"Czech Republic","CZ",2
1823,2017,34,"Commission","EC",18,"Estonia","EE",1
1824,2017,34,"Commission","EC",19,"Hungary","HU",2
1825,2017,34,"Commission","EC",20,"Latvia","LV",2
1826,2017,34,"Commission","EC",22,"Malta","MT",1
1827,2017,34,"Commission","EC",24,"Slovakia","SK",1
1828,2017,34,"Commission","EC",27,"Romania","RO",2
1829,2017,34,"Commission","EC",28,"Croatia","HR",1
1830,2018,1,"Belgium","BE",26,"Bulgaria","BG",1
1831,2018,2,"France","FR",23,"Poland","PL",1
1832,2018,2,"France","FR",26,"Bulgaria","BG",1
1833,2018,3,"Germany","DE",23,"Poland","PL",1
1834,2018,4,"Italy","IT",1,"Belgium","BE",4
1835,2018,4,"Italy","IT",8,"Ireland","IE",1
1836,2018,10,"Greece","EL",1,"Belgium","BE",2
1837,2018,11,"Portugal","PT",8,"Ireland","IE",1
1838,2018,11,"Portugal","PT",12,"Spain","ES",1
1839,2018,13,"Austria","AT",17,"Czech Republic","CZ",2
1840,2018,13,"Austria","AT",24,"Slovakia","SK",1
1841,2018,13,"Austria","AT",27,"Romania","RO",1
1842,2018,14,"Finland","FI",15,"Sweden","SE",1
1843,2018,17,"Czech Republic","CZ",1,"Belgium","BE",1
1844,2018,17,"Czech Republic","CZ",2,"France","FR",2
1845,2018,17,"Czech Republic","CZ",4,"Italy","IT",1
1846,2018,17,"Czech Republic","CZ",26,"Bulgaria","BG",1
1847,2018,17,"Czech Republic","CZ",27,"Romania","RO",1
1848,2018,18,"Estonia","EE",23,"Poland","PL",1
1849,2018,19,"Hungary","HU",1,"Belgium","BE",1
1850,2018,19,"Hungary","HU",2,"France","FR",1
1851,2018,19,"Hungary","HU",24,"Slovakia","SK",1
1852,2018,19,"Hungary","HU",27,"Romania","RO",1
1853,2018,23,"Poland","PL",22,"Malta","MT",1
1854,2018,24,"Slovakia","SK",27,"Romania","RO",1
1855,2018,26,"Bulgaria","BG",1,"Belgium","BE",1
1856,2018,26,"Bulgaria","BG",8,"Ireland","IE",1
1857,2018,26,"Bulgaria","BG",20,"Latvia","LV",1
1858,2018,26,"Bulgaria","BG",25,"Slovenia","SI",1
1859,2018,27,"Romania","RO",1,"Belgium","BE",2
1860,2018,28,"Croatia","HR",1,"Belgium","BE",1
1861,2018,34,"Commission","EC",1,"Belgium","BE",1
1862,2018,34,"Commission","EC",2,"France","FR",2
1863,2018,34,"Commission","EC",4,"Italy","IT",2
1864,2018,34,"Commission","EC",10,"Greece","EL",10
1865,2018,34,"Commission","EC",11,"Portugal","PT",1
1866,2018,34,"Commission","EC",12,"Spain","ES",6
1867,2018,34,"Commission","EC",14,"Finland","FI",2
1868,2018,34,"Commission","EC",15,"Sweden","SE",1
1869,2018,34,"Commission","EC",17,"Czech Republic","CZ",1
1870,2018,34,"Commission","EC",18,"Estonia","EE",1
1871,2018,34,"Commission","EC",19,"Hungary","HU",1
1872,2018,34,"Commission","EC",21,"Lithuania","LT",2
1873,2018,34,"Commission","EC",22,"Malta","MT",1
1874,2018,34,"Commission","EC",24,"Slovakia","SK",1
1875,2018,34,"Commission","EC",25,"Slovenia","SI",2
1876,2018,34,"Commission","EC",26,"Bulgaria","BG",4
1877,2018,34,"Commission","EC",27,"Romania","RO",1
1878,2018,34,"Commission","EC",28,"Croatia","HR",1
1879,2019,1,"Belgium","BE",3,"Germany","DE",1
1880,2019,2,"France","FR",6,"Netherlands","NL",1
1881,2019,2,"France","FR",21,"Lithuania","LT",1
1882,2019,3,"Germany","DE",28,"Croatia","HR",1
1883,2019,4,"Italy","IT",3,"Germany","DE",1
1884,2019,6,"Netherlands","NL",27,"Romania","RO",1
1885,2019,9,"United Kingdom","UK",3,"Germany","DE",1
1886,2019,9,"United Kingdom","UK",7,"Denmark","DK",1
1887,2019,10,"Greece","EL",18,"Estonia","EE",1
1888,2019,11,"Portugal","PT",3,"Germany","DE",1
1889,2019,11,"Portugal","PT",6,"Netherlands","NL",1
1890,2019,11,"Portugal","PT",9,"United Kingdom","UK",1
1891,2019,11,"Portugal","PT",18,"Estonia","EE",1
1892,2019,11,"Portugal","PT",21,"Lithuania","LT",1
1893,2019,12,"Spain","ES",3,"Germany","DE",1
1894,2019,12,"Spain","ES",25,"Slovenia","SI",1
1895,2019,12,"Spain","ES",27,"Romania","RO",1
1896,2019,13,"Austria","AT",17,"Czech Republic","CZ",1
1897,2019,13,"Austria","AT",27,"Romania","RO",1
1898,2019,17,"Czech Republic","CZ",2,"France","FR",1
1899,2019,17,"Czech Republic","CZ",6,"Netherlands","NL",1
1900,2019,17,"Czech Republic","CZ",27,"Romania","RO",1
1901,2019,22,"Malta","MT",3,"Germany","DE",1
1902,2019,22,"Malta","MT",10,"Greece","EL",1
1903,2019,23,"Poland","PL",17,"Czech Republic","CZ",1
1904,2019,23,"Poland","PL",18,"Estonia","EE",1
1905,2019,24,"Slovakia","SK",6,"Netherlands","NL",1
1906,2019,26,"Bulgaria","BG",10,"Greece","EL",1
1907,2019,26,"Bulgaria","BG",18,"Estonia","EE",1
1908,2019,27,"Romania","RO",10,"Greece","EL",1
1909,2019,34,"Commission","EC",2,"France","FR",1
1910,2019,34,"Commission","EC",3,"Germany","DE",3
1911,2019,34,"Commission","EC",4,"Italy","IT",5
1912,2019,34,"Commission","EC",6,"Netherlands","NL",2
1913,2019,34,"Commission","EC",11,"Portugal","PT",2
1914,2019,34,"Commission","EC",12,"Spain","ES",5
1915,2019,34,"Commission","EC",13,"Austria","AT",1
1916,2019,34,"Commission","EC",15,"Sweden","SE",2
1917,2019,34,"Commission","EC",17,"Czech Republic","CZ",3
1918,2019,34,"Commission","EC",18,"Estonia","EE",2
1919,2019,34,"Commission","EC",20,"Latvia","LV",1
1920,2019,34,"Commission","EC",21,"Lithuania","LT",4
1921,2019,34,"Commission","EC",23,"Poland","PL",4
1922,2019,34,"Commission","EC",24,"Slovakia","SK",1
1923,2019,34,"Commission","EC",26,"Bulgaria","BG",1
1924,2019,34,"Commission","EC",28,"Croatia","HR",1
1925,2020,1,"Belgium","BE",4,"Italy","IT",1
1926,2020,2,"France","FR",4,"Italy","IT",1
1927,2020,4,"Italy","IT",3,"Germany","DE",1
1928,2020,4,"Italy","IT",6,"Netherlands","NL",1
1929,2020,10,"Greece","EL",7,"Denmark","DK",1
1930,2020,11,"Portugal","PT",7,"Denmark","DK",1
1931,2020,17,"Czech Republic","CZ",2,"France","FR",1
1932,2020,17,"Czech Republic","CZ",7,"Denmark","DK",1
1933,2020,26,"Bulgaria","BG",7,"Denmark","DK",1
1934,2020,27,"Romania","RO",7,"Denmark","DK",1
1935,2020,34,"Commission","EC",2,"France","FR",3
1936,2020,34,"Commission","EC",7,"Denmark","DK",1
1937,2020,34,"Commission","EC",12,"Spain","ES",1
1938,2020,34,"Commission","EC",22,"Malta","MT",1
1939,2020,34,"Commission","EC",26,"Bulgaria","BG",1
